trade_date,open,high,low,close,volume,mkt_cap
2022-04-20,95.01,104.96,88.1,92.3,205632.9,1167399.2963
2022-04-21,94.99,111.0,93.68,101.59,122896.17,1284898.0987
2022-04-22,103.0,106.0,96.38,98.15,68169.46,1241389.3926
2022-04-25,95.1,98.98,89.51,89.71,62791.37,1134641.2879
2022-04-26,90.5,96.53,90.5,92.16,43107.71,1165628.5932
2022-04-27,92.0,110.59,90.51,110.59,39845.96,1398729.016
2022-04-28,111.5,118.3,105.05,115.5,45277.8,1460830.1054
2022-04-29,115.98,121.0,111.8,119.28,27502.98,1508639.0906
2022-05-05,117.49,117.49,107.48,110.85,49540.77,1402017.4647
2022-05-06,106.51,117.8,106.22,109.25,26741.66,1381780.8572
2022-05-09,108.16,113.55,106.53,110.1,27952.45,1392531.555
2022-05-10,107.97,131.9,107.22,126.0,38646.09,1593632.8422
2022-05-11,126.68,130.88,121.5,128.0,36885.34,1618928.6016
2022-05-12,125.91,145.0,123.88,129.5,39346.15,1637900.4212
2022-05-13,132.73,137.7,128.74,131.6,24454.33,1664460.9685
2022-05-16,134.1,139.28,130.5,133.53,26169.0,1688871.3763
2022-05-17,134.28,141.0,134.0,138.17,25934.53,1747557.5381
2022-05-18,139.88,144.88,134.53,141.0,22698.89,1783351.0377
2022-05-19,138.02,144.3,136.1,139.0,22238.91,1758055.2783
2022-05-20,137.49,145.88,136.55,144.02,16984.41,1821547.6344
2022-05-23,144.14,155.0,144.08,149.18,16364.73,1886810.6936
2022-05-24,148.37,150.18,138.0,139.0,21626.09,1758055.2783
2022-05-25,139.99,144.7,137.74,139.99,17418.35,1770576.6792
2022-05-26,140.0,143.58,132.0,142.6,22337.34,1803587.6452
2022-05-27,143.0,145.48,138.01,141.8,14265.73,1793469.3415
2022-05-30,140.0,144.28,139.0,142.0,10804.54,1795998.9174
2022-05-31,141.73,147.89,141.0,146.58,11550.85,1853926.2064
2022-06-01,146.58,158.58,146.0,150.0,15499.49,1897181.955
2022-06-02,150.21,163.3,146.12,161.9,20727.63,2047691.7234
2022-06-06,163.0,164.6,153.51,158.66,22426.66,2006712.5932
2022-06-07,157.03,162.06,153.81,161.01,14269.71,2036435.1105
2022-06-08,162.28,163.88,149.0,154.35,21896.65,1952200.2317
2022-06-09,154.3,155.02,145.77,147.88,14457.99,1870368.45
2022-06-10,146.25,154.53,146.0,152.13,12668.57,1924121.9388
2022-06-13,150.0,151.56,142.18,149.1,23569.48,1885798.8633
2022-06-14,146.1,147.75,140.8,144.1,19867.74,1822559.4648
2022-06-15,144.7,155.8,143.99,151.53,16470.22,1916533.2109
2022-06-16,151.53,161.0,150.0,154.8,12751.7,1957891.7776
2022-06-17,152.0,158.02,150.98,153.95,10299.75,1947141.0798
2022-06-20,152.49,154.9,148.58,150.7,12154.24,1906035.4708
2022-06-21,150.98,158.58,148.5,154.0,10812.26,1947773.4738
2022-06-22,155.0,155.7,147.11,148.56,9743.03,1878969.0082
2022-06-23,148.52,160.5,148.51,160.0,12953.12,2023660.752
2022-06-24,157.87,161.59,153.68,154.3,11309.08,1951567.8377
2022-06-27,156.93,157.66,149.2,151.01,15138.0,1909956.3135
2022-06-28,151.68,156.8,149.0,155.11,13390.76,1961812.6203
2022-06-29,154.89,155.47,147.05,148.5,12205.34,1878210.1355
2022-06-30,146.0,155.58,146.0,155.1,9033.65,1961686.1415
2022-07-01,154.26,164.99,154.0,156.4,14151.08,1978128.3851
2022-07-04,156.91,157.0,147.0,149.38,14443.48,1889340.2696
2022-07-05,149.8,150.55,141.97,147.5,17030.45,1865562.2558
2022-07-06,146.21,176.0,146.21,170.9,28415.0,2161522.6407
2022-07-07,174.0,176.5,168.0,176.5,12898.68,2232350.7671
2022-07-08,173.5,182.98,173.0,175.59,14003.8,2220841.1965
2022-07-11,175.03,184.98,171.43,183.2,12049.02,2317091.561
2022-07-12,183.2,193.78,178.04,181.0,16417.3,2289266.2257
2022-07-13,178.21,181.66,171.05,176.0,14378.23,2226026.8272
2022-07-14,172.02,181.5,170.5,177.58,10082.92,2246010.4771
2022-07-15,175.43,202.15,175.43,200.0,23160.32,2529575.94
2022-07-18,196.26,200.0,192.4,193.6,10104.66,2448629.5099
2022-07-19,192.9,197.48,187.5,189.09,7959.11,2391587.5725
2022-07-20,191.0,201.38,190.8,196.88,8729.96,2490114.5553
2022-07-21,194.25,211.67,193.0,201.0,14090.69,2542223.8197
2022-07-22,204.8,206.0,197.1,202.0,7055.0,2554871.6994
2022-07-25,203.44,208.71,198.0,201.6,4995.8,2549812.5475
2022-07-26,200.58,202.49,196.52,201.35,4425.12,2546650.5776
2022-07-27,201.35,207.66,197.1,206.56,6181.95,2612546.0308
2022-07-28,207.0,218.7,204.5,214.52,8378.22,2713223.1532
2022-07-29,214.6,217.4,207.51,212.89,5796.06,2692607.1093
2022-08-01,211.0,231.99,209.55,229.82,12138.57,2906735.7127
2022-08-02,225.0,238.97,225.0,236.0,11162.31,2984899.6092
2022-08-03,239.8,253.99,232.7,239.88,13659.18,3033973.3824
2022-08-04,238.5,248.0,237.05,245.25,6728.6,3101892.4964
2022-08-05,247.49,268.85,242.0,264.09,10624.34,3340178.55
2022-08-08,267.31,267.31,230.14,256.5,13724.71,3244181.1431
2022-08-09,249.0,260.0,242.0,259.6,7816.73,3283389.5701
2022-08-10,251.2,282.88,251.2,274.62,9820.64,3473360.7232
2022-08-11,274.99,287.5,274.62,275.5,8989.73,3484490.8574
2022-08-12,276.0,277.49,263.08,266.43,8064.41,3369774.5885
2022-08-15,263.91,275.0,263.91,272.32,4652.88,3444270.5999
2022-08-16,272.63,285.0,267.1,269.15,8102.47,3404176.8213
2022-08-17,268.0,271.89,259.2,269.87,9079.15,3413283.2946
2022-08-18,264.94,288.0,264.94,277.52,6709.37,3510039.5743
2022-08-19,278.12,284.15,253.64,254.1,11239.34,3213826.2318
2022-08-22,252.81,270.01,252.81,262.0,7159.85,3313744.4814
2022-08-23,262.56,266.49,255.0,256.61,6147.45,3245572.4098
2022-08-24,258.6,259.1,233.29,237.48,15494.65,3003618.4712
2022-08-25,239.77,244.7,230.0,231.0,8074.77,2921660.2107
2022-08-26,232.29,237.44,226.17,227.7,4997.8,2879922.2077
2022-08-29,246.22,273.24,245.0,273.24,8781.44,3455906.6492
2022-08-30,285.37,285.98,265.0,278.5,14475.26,3522434.4965
2022-08-31,278.11,278.52,256.57,258.87,11552.01,3274156.6179
2022-09-01,262.1,275.69,260.02,262.99,12276.62,3326265.8823
2022-09-02,261.35,274.98,259.07,264.12,10839.38,3340557.9864
2022-09-05,256.5,279.0,247.35,275.45,14593.81,3483858.4634
2022-09-06,271.45,279.0,269.45,274.21,7045.99,3468175.0925
2022-09-07,275.9,294.9,274.22,289.8,13937.96,3665355.5371
2022-09-08,287.29,305.51,286.0,300.0,11204.84,3794363.91
2022-09-09,299.89,313.88,293.0,301.99,11942.07,3819533.1906
2022-09-13,301.64,313.95,299.0,303.53,6934.28,3839010.9253
2022-09-14,302.0,324.21,300.0,324.0,10602.38,4097913.0228
2022-09-15,322.98,323.01,308.43,320.21,10193.28,4049977.5587
2022-09-16,315.9,322.02,303.54,312.94,7956.71,3958027.4733
2022-09-19,310.14,327.0,307.5,310.0,8572.29,3920842.707
2022-09-20,310.63,313.4,303.53,307.39,6701.82,3887831.741
2022-09-21,306.0,312.5,295.99,301.6,8338.82,3814600.5175
2022-09-22,298.0,311.78,295.3,304.42,7808.66,3850267.5383
2022-09-23,304.06,309.88,293.5,300.93,6550.15,3806126.4381
2022-09-26,300.0,307.99,291.58,304.75,9648.21,3854441.3386
2022-09-27,302.56,325.83,302.56,315.1,9658.36,3985346.8935
2022-09-28,311.95,316.38,292.26,305.46,8965.5,3863421.3332
2022-09-29,303.71,314.0,296.37,312.16,5163.25,3948162.1272
2022-09-30,308.62,311.54,296.71,298.5,5407.66,3775392.0905
2022-10-10,288.0,288.0,240.0,246.01,27562.05,3111504.885
2022-10-11,248.5,249.1,198.99,205.57,36415.39,2600024.6299
2022-10-12,201.1,230.31,193.3,223.05,34470.98,2821109.5671
2022-10-13,219.08,240.0,215.01,231.55,20128.13,2928616.5445
2022-10-14,236.58,237.0,210.5,224.44,18865.03,2838690.1199
2022-10-17,223.99,258.87,221.42,246.11,19942.25,3112769.673
2022-10-18,246.0,252.0,237.99,238.85,12509.42,3020946.0663
2022-10-19,237.95,250.94,237.0,237.75,11701.15,3007033.3987
2022-10-20,234.0,285.3,228.0,272.88,43878.14,3451353.4125
2022-10-21,265.67,279.7,238.0,260.51,31070.74,3294899.1406
2022-10-24,257.58,277.48,256.47,266.51,19414.53,3370786.4188
2022-10-25,265.79,273.7,261.0,264.71,10335.57,3348020.2354
2022-10-26,261.6,273.24,257.0,265.19,12816.82,3354091.2176
2022-10-27,262.78,274.5,257.58,262.2,13307.01,3316274.0573
2022-10-28,258.99,283.5,257.0,269.96,15013.6,3414421.6038
2022-10-31,272.0,286.77,268.68,272.88,11313.0,3451353.4125
2022-11-01,269.95,278.66,263.0,272.0,11855.49,3440223.2784
2022-11-02,271.77,284.0,269.0,281.0,14295.97,3554054.1957
2022-11-03,278.98,292.38,276.01,286.52,11532.84,3623870.4916
2022-11-04,284.05,286.45,263.07,275.46,24448.73,3483984.9422
2022-11-07,268.0,276.14,261.0,261.24,19430.52,3304132.0928
2022-11-08,258.62,267.65,256.8,265.25,10390.39,3354850.0904
2022-11-09,263.05,268.0,250.94,250.94,12468.88,3173858.9319
2022-11-10,248.0,258.48,229.5,231.46,27745.61,2927478.2354
2022-11-11,247.5,255.0,240.07,241.74,16984.0,3057498.4387
2022-11-14,235.0,238.93,227.01,229.0,17102.2,2896364.4513
2022-11-15,232.94,252.99,227.0,242.76,20276.12,3070399.276
2022-11-16,244.0,249.93,234.05,236.4,10763.73,2989958.7611
2022-11-17,237.5,242.47,224.17,239.5,13768.96,3029167.1882
2022-11-18,239.0,240.88,229.0,229.29,11062.05,2900032.3364
2022-11-21,229.14,237.98,228.5,233.15,9402.41,2948853.1521
2022-11-22,233.17,233.17,222.65,223.65,10764.88,2828698.2949
2022-11-23,218.84,229.76,215.66,229.76,17191.22,2905976.8399
2022-11-24,228.0,238.94,225.51,234.2,14881.14,2962133.4257
2022-11-25,232.62,241.56,221.56,225.2,24600.18,2848302.5084
2022-11-28,217.02,231.0,216.51,216.99,21111.79,2744463.4161
2022-11-29,217.14,218.55,208.95,209.61,19346.66,2651122.0639
2022-11-30,209.34,214.38,207.89,211.03,10961.07,2669082.0531
2022-12-01,216.1,224.2,212.1,219.27,14775.67,2773300.5818
2022-12-02,220.0,226.83,217.01,222.5,11416.96,2814153.2333
2022-12-05,227.0,227.66,214.5,224.4,12857.32,2838184.2047
2022-12-06,222.0,244.99,220.02,238.1,22582.89,3011460.1566
2022-12-07,235.56,239.5,228.87,236.36,15283.04,2989452.8459
2022-12-08,234.11,235.9,225.0,227.1,13491.78,2872333.4799
2022-12-09,227.99,254.76,227.7,239.99,22020.73,3035364.6492
2022-12-12,240.0,255.0,239.18,247.4,15294.56,3129085.4378
2022-12-13,247.44,247.44,236.61,236.9,11292.05,2996282.7009
2022-12-14,256.0,275.0,242.0,246.39,30039.65,3116311.0793
2022-12-15,248.4,252.93,235.0,240.88,18035.8,3046621.2621
2022-12-16,240.0,240.0,230.1,235.06,13140.01,2973010.6023
2022-12-19,231.0,237.85,223.0,225.15,12143.97,2847670.1145
2022-12-20,221.79,230.43,218.88,220.36,7837.48,2787086.7707
2022-12-21,220.37,222.8,208.29,213.96,10580.5,2706140.3406
2022-12-22,214.24,217.22,209.04,211.95,6475.1,2680718.1024
2022-12-23,209.55,211.86,195.92,199.16,14694.74,2518951.7211
2022-12-26,200.33,210.58,198.8,209.2,11680.45,2645936.4332
2022-12-27,208.0,219.45,207.12,217.5,8850.52,2750913.8348
2022-12-28,216.99,222.48,212.42,221.78,9013.58,2805046.7599
2022-12-29,219.99,222.22,214.38,219.28,6973.53,2773427.0606
2022-12-30,221.5,223.76,212.6,216.75,7793.17,2741427.925
2023-01-03,214.0,224.5,212.22,223.5,11893.03,2826801.113
2023-01-04,226.67,234.98,207.88,210.8,19041.4,2666173.0408
2023-01-05,209.0,210.54,202.6,205.58,25254.83,2600151.1087
2023-01-06,205.14,211.0,202.2,208.02,11847.34,2631011.9352
2023-01-09,209.48,218.0,206.0,215.03,11280.53,2719673.5719
2023-01-10,215.39,220.34,210.49,218.9,11797.73,2768620.8663
2023-01-11,222.0,234.98,220.0,222.2,20411.6,2810358.8693
2023-01-12,222.0,224.37,213.33,219.98,11295.55,2782280.5764
2023-01-13,219.53,230.0,216.72,224.58,10115.64,2840460.823
2023-01-16,220.5,242.97,220.27,239.79,16866.4,3032835.0733
2023-01-17,239.28,258.0,239.28,255.89,19158.13,3236465.9364
2023-01-18,257.89,259.73,250.66,251.9,8350.8,3186000.8964
2023-01-19,252.47,267.57,250.0,266.5,10440.45,3370659.9401
2023-01-20,264.98,267.5,256.14,258.81,9709.0,3273397.7452
2023-01-30,261.3,263.0,243.4,250.4,17520.35,3167029.0769
2023-01-31,250.5,253.0,234.5,234.97,17004.83,2971872.2931
2023-02-01,235.25,245.85,235.25,239.65,11828.62,3031064.3701
2023-02-02,241.97,257.63,239.66,249.45,15179.53,3155013.5912
2023-02-03,248.99,252.33,243.09,245.96,7204.14,3110872.491
2023-02-06,244.46,251.14,240.2,243.4,8405.71,3078493.919
2023-02-07,242.59,248.0,234.65,237.0,11808.85,2997547.4889
2023-02-08,237.73,243.0,233.5,235.0,7374.46,2972251.7295
2023-02-09,231.0,247.67,230.11,245.56,9895.58,3105813.3391
2023-02-10,242.63,251.9,241.0,249.58,9842.38,3156657.8155
2023-02-13,248.78,265.0,243.01,262.62,14157.41,3321586.1668
2023-02-14,261.38,267.8,254.0,259.0,8530.74,3275800.8423
2023-02-15,260.0,283.5,260.0,278.0,13726.71,3516110.5566
2023-02-16,275.85,289.0,270.0,272.99,12129.55,3452744.6793
2023-02-17,270.25,275.45,260.01,260.2,9933.75,3290978.2979
2023-02-20,258.88,263.59,255.67,262.42,7446.31,3319056.5909
2023-02-21,260.51,271.04,260.51,270.12,8224.61,3416445.2646
2023-02-22,269.55,286.0,264.15,278.64,9624.4,3524205.1996
2023-02-23,276.29,276.79,260.02,262.35,13418.37,3318171.2393
2023-02-24,263.0,266.5,258.0,262.0,7344.81,3313744.4814
2023-02-27,267.0,273.0,259.42,260.4,11285.14,3293507.8739
2023-02-28,260.99,263.49,252.8,256.9,8398.89,3249240.2949
2023-03-01,256.0,259.5,248.0,257.29,9431.44,3254172.968
2023-03-02,257.97,268.0,256.25,262.92,8304.44,3325380.5307
2023-03-03,269.0,280.26,261.25,269.3,18811.85,3406074.0032
2023-03-06,272.7,289.8,265.73,288.77,16201.65,3652328.221
2023-03-07,283.73,288.58,274.4,275.88,9599.22,3489297.0516
2023-03-08,276.0,289.0,275.88,280.21,11743.6,3544062.3707
2023-03-09,281.23,304.0,281.05,294.5,14434.98,3724800.5717
2023-03-10,290.0,312.99,285.54,303.75,14453.41,3841793.4589
2023-03-13,300.21,310.0,297.0,308.64,9671.47,3903641.5906
2023-03-14,308.35,324.88,303.33,317.4,14701.7,4014437.0168
2023-03-15,317.0,317.39,296.2,304.0,21540.8,3844955.4288
2023-03-16,300.37,303.09,286.11,287.52,20442.58,3636518.3713
2023-03-17,290.6,298.0,288.4,293.65,17052.68,3714049.8739
2023-03-20,291.02,297.5,280.0,286.11,17446.45,3618684.861
2023-03-21,285.72,292.0,281.02,290.03,11358.63,3668264.5494
2023-03-22,290.07,292.0,274.5,278.3,17903.02,3519904.9205
2023-03-23,277.0,280.86,270.0,276.5,15990.56,3497138.7371
2023-03-24,276.0,276.0,263.12,265.01,16591.78,3351814.5993
2023-03-27,265.1,269.0,256.86,262.86,14407.57,3324621.6579
2023-03-28,262.0,262.86,252.01,252.8,11967.45,3197383.9882
2023-03-29,254.8,288.19,254.65,278.95,25062.91,3528126.0423
2023-03-30,278.0,283.59,274.0,275.0,10781.68,3478166.9175
2023-03-31,275.02,284.0,270.12,281.95,12148.29,3566069.6814
2023-04-03,286.2,309.8,283.82,308.78,24956.28,3905412.2938
2023-04-04,307.8,319.0,296.2,300.0,24148.68,3794363.91
2023-04-06,297.84,357.0,296.0,339.74,35220.54,4296990.6493
2023-04-07,341.28,379.96,340.78,379.5,27359.37,4799870.3462
2023-04-10,380.98,382.69,344.99,353.0,29917.11,4464701.5341
2023-04-11,355.82,358.0,325.0,340.6,29346.54,4307867.8258
2023-04-12,335.37,340.03,325.0,329.05,28331.92,4161784.8153
2023-04-13,326.8,359.0,324.88,358.87,34483.28,4538944.5879
2023-04-14,355.94,430.64,355.94,430.64,38363.75,5446682.914
2023-04-17,436.0,490.0,432.0,448.0,37721.72,5666250.1056
2023-04-18,450.0,450.0,416.67,434.0,34733.61,5489179.7898
2023-04-19,430.0,476.87,429.0,455.11,33772.85,5756176.5303
2023-04-20,450.72,482.0,435.0,440.1,50833.78,5566331.856
2023-04-21,438.0,453.6,408.03,409.0,58779.36,5172982.7973
2023-04-24,400.91,421.78,392.0,406.02,42339.71,5135292.1158
2023-04-25,412.1,420.0,394.0,398.02,33652.68,5034109.0782
2023-04-26,393.27,399.97,371.12,389.22,30638.75,4922807.7368
2023-04-27,385.45,422.68,381.0,397.99,29932.81,5033729.6418
2023-04-28,400.5,415.66,389.99,412.49,26774.37,5217123.8975
2023-05-04,400.0,412.37,387.0,408.0,26868.64,5160334.9176
2023-05-05,401.5,420.22,390.99,392.0,21394.51,4957968.8424
2023-05-08,390.84,413.08,381.0,401.0,21956.46,5071799.7597
2023-05-09,397.0,404.0,374.81,375.0,24538.0,4742954.8875
2023-05-10,375.0,378.0,356.63,364.72,23478.23,4612934.6842
2023-05-11,378.0,392.0,370.28,378.52,20707.93,4787475.424
2023-05-12,387.0,410.6,377.6,381.0,27661.51,4818842.1657
2023-05-15,377.68,401.97,373.23,394.0,23726.79,4983264.6018
2023-05-16,394.0,417.0,385.01,412.88,30129.85,5222056.5705
2023-05-17,411.7,430.0,404.04,411.0,23045.45,5198278.5567
2023-05-18,408.0,424.9,406.0,412.77,13281.63,5220665.3038
2023-05-19,414.5,423.68,402.3,411.0,13577.38,5198278.5567
2023-05-22,411.05,416.12,394.0,401.0,12050.0,5071799.7597
2023-05-23,398.9,399.0,383.26,387.0,11228.99,4894729.4439
2023-05-24,390.45,404.5,379.0,391.86,15986.8,4956198.1392
2023-05-25,388.34,394.79,383.3,392.9,10378.51,4969351.9341
2023-05-26,396.2,411.75,391.1,407.23,16373.37,5150596.0502
2023-05-29,417.41,425.0,405.53,417.81,17904.45,5284410.6175
2023-05-30,415.01,422.0,411.0,421.47,11891.48,5330701.8572
2023-05-31,424.66,430.9,400.0,411.8,18957.5,5208396.8605
2023-06-01,407.98,416.05,395.13,412.55,16559.61,5217882.7702
2023-06-02,410.0,430.0,406.13,418.2,15861.45,5289343.2905
2023-06-05,440.0,462.0,432.02,437.47,27741.84,5533067.9324
2023-06-06,430.0,444.44,422.5,427.0,19541.32,5400644.6319
2023-06-07,431.0,435.0,412.53,414.94,16060.93,5248111.2027
2023-06-08,413.96,427.75,406.33,415.3,15322.29,5252664.4394
2023-06-09,414.0,429.99,409.02,429.99,21886.48,5438461.7922
2023-06-12,422.0,430.0,413.41,419.0,18647.83,5299461.5943
2023-06-13,422.5,428.76,414.08,426.55,17193.79,5394953.086
2023-06-14,424.39,448.5,421.99,437.09,16305.15,5528261.7381
2023-06-15,440.0,447.5,416.0,420.0,15525.11,5312109.474
2023-06-16,419.74,434.0,418.1,428.0,12023.06,5413292.5116
2023-06-19,429.01,434.33,412.6,418.76,13851.19,5296426.1032
2023-06-20,418.77,421.99,411.17,412.21,11087.49,5213582.4911
2023-06-21,413.01,414.21,395.85,403.38,13792.63,5101901.7134
2023-06-26,399.8,418.0,393.0,408.72,13368.33,5169441.391
2023-06-27,403.58,419.98,396.95,402.75,8628.93,5093933.5492
2023-06-28,404.0,432.68,402.75,413.99,20624.59,5236095.717
2023-06-29,411.0,424.0,405.11,412.0,10542.4,5210926.4364
2023-06-30,411.39,426.8,406.51,425.97,13264.06,5387617.3158
2023-07-03,430.0,439.9,417.61,420.0,12164.97,5312109.474
2023-07-04,421.1,422.0,403.5,408.99,15038.15,5172856.3185
2023-07-05,408.0,408.0,350.0,358.0,48683.73,4527940.9326
2023-07-06,351.99,354.77,342.53,351.2,23165.38,4441935.3506
2023-07-07,347.27,354.9,341.5,346.95,15847.05,4388181.8619
2023-07-10,351.17,359.75,345.2,347.5,11707.63,4395138.1958
2023-07-11,348.68,350.71,342.15,342.9,12095.71,4336957.9491
2023-07-12,342.9,343.13,312.01,330.1,39950.78,4175065.089
2023-07-13,332.05,346.99,330.0,334.2,20368.22,4226921.3957
2023-07-14,344.22,344.22,328.59,331.55,10651.1,4193404.5145
2023-07-17,332.96,334.99,318.33,324.01,17635.33,4098039.5016
2023-07-18,323.31,333.86,320.0,326.2,13587.14,4125738.3581
2023-07-19,324.12,325.8,314.55,318.5,15580.72,4028349.6845
2023-07-20,318.92,321.88,313.33,316.8,10698.6,4006848.289
2023-07-21,315.0,319.78,310.55,315.55,9589.28,3991038.4393
2023-07-24,318.0,318.0,308.09,311.8,10281.65,3943608.8905
2023-07-25,316.0,316.89,304.56,313.51,16669.88,3965236.7647
2023-07-26,312.45,334.98,310.84,322.09,26437.08,4073755.5726
2023-07-27,319.9,327.36,316.9,321.79,12064.45,4069961.2087
2023-07-28,321.23,331.49,315.99,317.99,14367.62,4021899.2658
2023-07-31,311.14,333.5,311.0,330.07,18184.81,4174685.6526
2023-08-01,330.9,334.97,321.75,333.85,13009.15,4222494.6378
2023-08-02,330.9,353.29,330.08,348.85,16206.81,4412212.8333
2023-08-03,347.98,350.15,337.1,341.5,10487.55,4319250.9176
2023-08-04,342.25,343.0,331.26,341.7,8873.4,4321780.4935
2023-08-07,346.12,346.12,332.6,339.0,8213.38,4287631.2183
2023-08-08,339.5,344.94,334.05,336.29,7190.48,4253355.4643
2023-08-09,338.6,338.6,327.0,329.9,7948.33,4172535.513
2023-08-10,331.0,342.98,329.9,339.63,14519.61,4295599.3825
2023-08-11,340.1,343.0,331.87,339.1,11475.52,4288896.0063
2023-08-14,333.8,334.02,324.0,328.9,9103.97,4159887.6333
2023-08-15,331.13,331.13,316.0,323.88,11257.81,4096395.2772
2023-08-16,327.93,332.5,318.18,318.73,7884.39,4031258.6968
2023-08-17,316.35,328.0,313.38,324.99,7357.22,4110434.4237
2023-08-18,326.73,335.73,321.55,330.94,9248.17,4185689.3079
2023-08-21,328.0,328.0,314.41,315.89,10065.55,3995338.7184
2023-08-22,318.0,325.0,308.62,322.83,10295.01,4083115.0036
2023-08-23,320.01,325.48,313.0,314.42,7878.67,3976746.3353
2023-08-24,317.9,334.0,313.02,330.43,10919.87,4179238.8893
2023-08-25,326.0,336.6,323.55,332.24,10491.09,4202131.5515
2023-08-28,352.0,360.0,313.0,323.11,19241.34,4086656.4099
2023-08-29,312.5,343.5,285.97,339.26,22250.39,4290919.667
2023-08-30,339.02,358.8,339.02,346.5,23469.37,4382490.3161
2023-08-31,342.93,369.99,336.51,366.24,30229.56,4632159.4613
2023-09-01,378.0,400.0,368.05,370.01,27025.13,4679841.9678
2023-09-04,370.0,372.0,338.52,348.0,31178.53,4401462.1356
2023-09-05,346.0,360.5,345.66,354.0,20860.3,4477349.4138
2023-09-06,358.98,369.45,348.5,368.13,21123.6,4656063.954
2023-09-07,363.2,365.0,345.97,352.0,20748.12,4452053.6544
2023-09-08,346.66,355.0,340.1,354.0,20846.16,4477349.4138
2023-09-11,353.0,357.94,341.14,346.4,18514.37,4381225.5281
2023-09-12,344.0,347.96,337.01,337.5,10172.56,4268659.3988
2023-09-13,335.53,339.95,330.47,338.0,9121.0,4274983.3386
2023-09-14,336.57,339.55,325.9,327.76,9791.35,4145469.0505
2023-09-15,330.8,332.67,316.0,332.67,14596.74,4207570.1398
2023-09-18,325.0,329.03,315.42,317.35,12321.69,4013804.6228
2023-09-19,318.0,320.8,308.36,318.52,12552.63,4028602.642
2023-09-20,316.98,317.06,309.13,310.0,8327.09,3920842.707
2023-09-21,308.48,313.36,305.5,311.21,8437.14,3936146.6414
2023-09-22,311.5,325.0,307.01,323.66,12871.41,4093612.7437
2023-09-25,321.0,324.7,313.59,319.0,9584.78,4034673.6243
2023-09-26,318.0,325.54,315.5,320.3,5690.95,4051115.8679
2023-09-27,319.77,322.02,315.3,317.7,7666.05,4018231.3807
2023-09-28,214.66,238.21,212.03,238.21,20936.72,4459020.117
2023-10-09,235.22,238.17,231.13,236.54,12564.87,4427759.6175
2023-10-10,238.83,249.0,238.0,238.7,18984.14,4468192.3594
2023-10-11,238.03,245.48,235.15,241.99,15298.9,4529777.4154
2023-10-12,244.0,265.0,244.0,259.15,28731.54,4850993.0873
2023-10-13,258.83,262.88,253.68,254.94,22962.24,4772186.6783
2023-10-16,254.27,256.73,242.8,249.59,21987.19,4672040.7666
2023-10-17,250.37,259.7,246.23,257.0,18768.25,4810747.534
2023-10-18,260.2,264.43,250.61,255.35,18134.58,4779861.4117
2023-10-19,253.0,259.75,251.36,254.88,15721.58,4771063.5466
2023-10-20,253.44,257.8,245.55,247.35,19627.65,4630110.5157
2023-10-23,247.99,249.0,238.67,242.0,12785.32,4529964.604
2023-10-24,244.95,256.99,240.91,253.0,22235.85,4735872.086
2023-10-25,255.04,255.82,242.97,243.73,18385.12,4562348.2353
2023-10-26,242.89,249.58,240.65,246.0,16702.78,4604840.052
2023-10-27,247.97,252.52,242.55,246.5,16465.54,4614199.483
2023-10-30,251.99,256.67,243.0,249.78,26372.82,4675597.3504
2023-10-31,260.0,264.78,245.0,252.08,20113.88,4718650.733
2023-11-01,248.88,254.47,246.01,248.47,14169.28,4651075.6411
2023-11-02,248.0,249.86,233.25,233.44,22203.24,4369731.1453
2023-11-03,235.5,240.67,233.3,237.8,15996.24,4451345.3836
2023-11-06,239.29,240.95,229.27,233.99,24308.54,4380026.5194
2023-11-07,233.99,235.51,228.28,232.5,20049.26,4352135.415
2023-11-08,232.0,253.66,230.0,251.45,35998.97,4706857.8499
2023-11-09,251.5,251.88,244.69,246.12,20216.89,4607086.3154
2023-11-10,249.85,255.73,244.12,250.36,26273.8,4686454.2903
2023-11-13,255.06,255.36,246.0,248.12,17467.85,4644524.0394
2023-11-14,245.9,256.35,243.26,255.82,21058.5,4788659.2768
2023-11-15,255.82,258.0,248.1,248.75,16544.48,4656316.9225
2023-11-16,246.9,248.5,240.11,243.65,13483.16,4560850.7263
2023-11-17,244.02,250.2,242.93,248.38,12057.37,4649390.9436
2023-11-20,250.0,250.49,242.66,242.69,14542.25,4542880.6188
2023-11-21,242.51,245.5,237.26,237.26,9784.61,4441237.1981
2023-11-22,237.0,241.6,236.01,236.1,10774.25,4419523.3182
2023-11-23,236.1,244.84,236.1,240.75,13867.46,4506566.0265
2023-11-24,240.01,244.38,233.85,234.48,12714.46,4389198.7618
2023-11-27,234.97,249.99,233.85,249.02,23521.35,4661371.0152
2023-11-28,249.02,255.0,247.39,253.9,19594.93,4752719.0618
2023-11-29,254.04,263.88,251.98,257.68,19843.73,4823476.3602
2023-11-30,256.2,267.49,254.88,267.49,14277.08,5007108.3964
2023-12-01,262.99,262.99,252.01,257.86,17680.03,4826845.7553
2023-12-04,256.6,261.19,253.73,259.0,13053.2,4848185.258
2023-12-05,259.0,260.03,253.72,258.3,13342.8,4835082.0546
2023-12-06,257.39,266.97,257.0,263.9,15539.7,4939907.6818
2023-12-07,263.8,266.5,245.13,251.77,28514.04,4712847.8857
2023-12-08,252.0,268.67,251.76,260.99,39555.25,4885435.7934
2023-12-11,261.38,269.76,260.06,266.0,15751.8,4979217.292
2023-12-12,264.0,266.5,256.6,257.76,12713.77,4824973.8691
2023-12-13,256.9,259.75,253.45,253.45,10224.88,4744295.5739
2023-12-14,254.99,256.5,242.11,248.19,14410.78,4645834.3598
2023-12-15,247.86,249.63,242.01,243.2,14317.53,4552427.2384
2023-12-18,245.49,245.6,240.45,241.05,10942.08,4512181.6851
2023-12-19,241.05,245.0,238.42,244.4,11742.4,4574889.8728
2023-12-20,244.83,244.83,239.01,240.89,11394.95,4509186.6672
2023-12-21,243.5,243.74,239.2,241.9,10488.95,4528092.7178
2023-12-22,241.7,242.0,236.0,238.3,12192.54,4460704.8146
2023-12-25,238.0,239.94,228.5,232.17,12630.28,4345958.1905
2023-12-26,231.38,233.4,226.5,227.16,8874.38,4252176.6919
2023-12-27,227.52,241.03,225.0,239.67,16352.96,4486349.6555
2023-12-28,240.0,240.0,235.0,236.69,15986.72,4430567.4468
2023-12-29,236.69,238.84,226.83,231.3,22349.55,4329672.7806
2024-01-02,228.0,228.0,213.58,221.92,22703.05,4176273.755
2024-01-03,220.0,223.88,214.0,220.2,14592.59,4143905.3751
2024-01-04,218.8,223.56,217.5,219.5,12843.96,4130732.1973
2024-01-05,219.02,221.98,215.33,216.5,10295.84,4074275.7208
2024-01-08,214.31,215.0,202.04,206.6,21081.57,3887969.3483
2024-01-09,207.9,210.9,199.2,200.6,16495.24,3775056.3953
2024-01-10,199.9,202.0,195.19,197.73,10822.57,3721046.3661
2024-01-11,197.7,202.0,196.95,200.09,11579.26,3765458.7943
2024-01-12,200.66,206.5,198.09,198.09,13140.65,3727821.1433
2024-01-15,199.5,200.99,191.8,192.88,20057.56,3629775.0624
2024-01-16,193.0,199.38,191.01,195.0,16394.37,3669670.9725
2024-01-17,195.2,195.58,186.02,186.2,16354.44,3504065.3081
2024-01-18,185.04,187.0,177.9,183.7,25152.07,3457018.2444
2024-01-19,185.88,189.49,182.0,185.66,22142.31,3493903.1423
2024-01-22,184.83,186.79,171.36,173.04,22270.78,3256409.5645
2024-01-23,178.0,178.97,165.45,171.8,40765.68,3233074.2209
2024-01-24,174.98,176.62,168.4,172.59,26641.86,3247941.093
2024-01-25,172.59,183.8,172.59,182.0,34146.03,3425026.241
2024-01-26,181.1,181.1,173.06,173.31,21919.39,3261490.6474
2024-01-29,175.0,179.69,169.0,169.57,18247.98,3191108.24
2024-01-30,169.45,173.3,163.5,164.63,18388.94,3098143.2421
2024-01-31,165.9,169.66,160.5,163.0,21409.36,3067468.5565
2024-02-01,163.2,171.97,160.96,166.89,28821.99,3140673.7877
2024-02-02,167.97,168.68,155.02,159.66,25538.17,3004613.6793
2024-02-05,159.52,162.71,146.5,156.0,29162.04,2935736.778
2024-02-06,157.0,176.8,153.99,176.28,33328.57,3317382.5591
2024-02-07,177.16,186.66,173.83,182.49,39281.24,3434247.4655
2024-02-08,186.0,199.14,182.0,190.24,29133.62,3580093.3631
2024-02-19,191.0,191.0,182.71,187.79,27377.8,3533987.2406
2024-02-20,186.0,188.98,182.01,185.03,16566.0,3482047.2823
2024-02-21,183.0,193.18,180.45,187.0,19618.81,3519120.3685
2024-02-22,187.33,190.65,185.28,189.5,17712.75,3566167.4323
2024-02-23,189.6,191.68,183.1,186.18,21961.97,3503688.9316
2024-02-26,185.43,192.88,184.32,189.01,20888.07,3556946.2078
2024-02-27,189.62,198.5,188.0,198.39,23653.48,3733466.7909
2024-02-28,199.99,203.57,190.2,190.38,24442.59,3582727.9987
2024-02-29,194.0,214.98,193.15,213.5,42171.53,4017819.2443
2024-03-01,217.0,217.5,205.34,209.79,29803.52,3948001.4016
2024-03-04,211.0,212.0,205.51,209.11,24124.31,3935204.6003
2024-03-05,208.51,211.97,204.62,207.0,23330.64,3895496.8785
2024-03-06,206.8,206.81,199.6,204.44,23181.66,3847320.6852
2024-03-07,205.99,211.5,203.01,203.01,20199.7,3820409.7648
2024-03-08,203.01,208.09,200.76,203.89,25271.83,3836970.3312
2024-03-11,201.0,206.93,199.0,206.11,16136.37,3878748.1238
2024-03-12,206.1,213.07,204.5,208.48,21381.62,3923348.7402
2024-03-13,209.98,213.0,205.56,205.56,18065.69,3868397.7698
2024-03-14,203.13,206.8,200.0,201.15,15698.92,3785406.7493
2024-03-15,202.0,204.99,199.71,204.28,14967.65,3844309.6731
2024-03-18,204.5,209.8,201.5,207.96,20125.6,3913562.951
2024-03-19,207.89,210.59,205.56,206.16,15972.91,3879689.0651
2024-03-20,204.02,207.5,203.61,205.86,11395.1,3874043.4174
2024-03-21,211.8,216.61,209.32,210.0,20878.79,3951953.355
2024-03-22,212.0,222.22,210.0,216.5,26610.26,4074275.7208
2024-03-25,217.87,220.0,208.07,210.04,24792.79,3952706.108
2024-03-26,208.09,213.26,201.08,201.35,18767.47,3789170.5144
2024-03-27,201.0,203.0,192.0,192.0,15026.97,3613214.496
2024-03-28,191.0,193.64,185.51,187.14,27846.59,3521755.0041
2024-03-29,187.19,190.1,182.16,188.51,21559.77,3547536.795
2024-04-01,189.51,191.67,184.6,185.9,19064.29,3498419.6605
2024-04-02,185.9,185.9,178.6,179.84,22342.84,3384377.5779
2024-04-03,179.1,184.8,177.63,180.85,19879.0,3403384.5917
2024-04-08,185.0,189.0,179.29,179.31,18183.79,3374403.6004
2024-04-09,178.0,181.6,177.0,181.0,11378.07,3406207.4155
2024-04-10,179.0,181.03,174.56,174.71,12256.92,3287837.0031
2024-04-11,173.9,177.5,171.13,171.6,15547.73,3229310.4558
2024-04-12,171.0,173.9,169.0,171.0,12850.96,3218019.1605
2024-04-15,172.98,186.71,172.97,184.97,29249.96,3480918.1527
2024-04-16,182.0,186.6,177.01,177.91,18799.08,3348057.2447
2024-04-17,180.0,186.5,175.99,186.27,23430.22,3505382.6259
2024-04-18,184.05,185.95,181.11,181.4,16581.83,3413734.9457
2024-04-19,178.01,181.3,169.28,170.66,20623.96,3211620.7598
2024-04-22,166.8,177.58,163.79,174.4,17461.49,3282003.1672
2024-04-23,175.34,180.0,172.21,178.6,15214.1,3361042.2343
2024-04-24,179.18,186.62,178.18,183.3,16037.82,3449490.7142
2024-04-25,181.5,184.78,180.76,182.48,11015.86,3434059.2772
2024-04-26,184.03,184.99,180.08,183.85,20686.69,3459841.0682
2024-04-29,182.0,194.93,181.0,192.88,24685.59,3629775.0624
2024-04-30,188.82,190.0,178.3,181.67,51195.68,3418816.0286
2024-05-06,186.0,186.86,181.63,182.83,21036.21,3440645.8662
2024-05-07,181.3,185.96,181.05,181.86,13871.24,3422391.6054
2024-05-08,182.9,183.28,169.52,172.03,24865.5,3237402.5508
2024-05-09,172.01,183.49,171.97,180.07,31312.57,3388705.9078
2024-05-10,181.5,182.53,172.37,175.39,26939.71,3300633.8044
2024-05-13,172.5,174.98,167.21,168.27,23352.51,3166643.7669
2024-05-14,169.5,172.0,166.11,168.61,12793.92,3173042.1676
2024-05-15,167.2,178.0,165.42,175.5,23758.28,3302703.8753
2024-05-16,175.32,178.88,174.01,175.37,14217.46,3300257.4279
2024-05-17,174.0,181.6,173.55,181.44,16188.75,3414487.6987
2024-05-20,180.56,183.77,177.35,179.53,12156.86,3378543.742
2024-05-21,178.99,186.5,178.28,185.52,20717.01,3491268.5068
2024-05-22,185.98,186.48,181.36,184.13,13143.37,3465110.3393
2024-05-23,185.01,188.88,183.11,187.6,21693.27,3530411.6638
2024-05-24,186.89,187.61,181.5,182.43,12375.0,3433118.336
2024-05-27,181.89,194.9,176.05,191.5,27351.7,3603805.0833
2024-05-28,191.4,194.49,187.5,187.6,19167.16,3530411.6638
2024-05-29,187.9,188.56,183.01,183.76,12107.01,3458147.3739
2024-05-30,182.88,190.84,182.01,187.75,18105.43,3533234.4876
2024-05-31,188.9,191.66,184.16,185.27,15043.99,3486563.8004
2024-06-03,183.8,193.0,183.8,192.7,22005.38,3626387.6739
2024-06-04,192.0,195.7,190.04,193.32,15460.79,3638055.3457
2024-06-05,193.0,198.65,192.61,196.1,20110.4,3690371.6806
2024-06-06,196.29,204.86,196.29,200.24,21571.48,3768281.6181
2024-06-07,199.97,207.89,198.52,204.1,15755.71,3840922.2846
2024-06-11,137.16,146.0,137.16,144.6,37327.44,4024519.3753
2024-06-12,143.72,145.99,140.2,141.89,35421.41,3949094.4271
2024-06-13,142.99,145.88,142.1,144.77,31073.55,4029250.8296
2024-06-14,143.5,143.5,138.28,138.92,47541.72,3866433.1371
2024-06-17,138.0,141.59,136.01,140.04,25366.22,3897605.0714
2024-06-18,140.73,140.99,135.7,136.33,25233.86,3794348.039
2024-06-19,136.5,139.5,134.08,138.38,22383.8,3851403.8116
2024-06-20,137.0,144.44,137.0,140.25,27981.65,3903449.8091
2024-06-21,137.8,140.5,135.29,139.4,16868.23,3879792.5375
2024-06-24,138.0,138.88,131.0,131.6,32904.38,3662702.2807
2024-06-25,132.69,132.69,125.84,127.29,28912.22,3542745.9978
2024-06-26,128.39,130.0,125.95,129.0,18857.03,3590338.8618
2024-06-27,128.57,129.46,125.4,125.98,13563.97,3506285.9675
2024-06-28,125.98,126.8,118.18,120.11,50681.92,3342911.6333
2024-07-01,120.0,120.71,116.68,118.8,21875.09,3306451.603
2024-07-02,119.0,120.19,116.48,116.59,20238.34,3244942.6969
2024-07-03,116.0,122.5,115.43,122.0,30345.43,3395514.2724
2024-07-04,122.5,123.3,117.79,118.27,17119.18,3291700.5983
2024-07-05,117.0,118.0,114.6,117.49,18739.05,3269991.5727
2024-07-08,118.04,119.18,111.0,111.92,33433.89,3114966.8637
2024-07-09,111.65,115.79,110.24,114.82,28462.47,3195679.9078
2024-07-10,113.8,118.87,113.27,114.68,27688.68,3191783.4161
2024-07-11,117.33,117.6,111.4,115.02,31597.49,3201246.3247
2024-07-12,114.0,117.94,113.01,117.15,26606.93,3260528.664
2024-07-15,118.0,125.0,118.0,124.0,40599.52,3451178.4408
2024-07-16,122.85,125.99,121.97,125.1,27860.09,3481793.7334
2024-07-17,125.1,130.0,123.12,127.65,35103.06,3552765.5481
2024-07-18,128.14,133.58,125.51,131.55,41644.65,3661310.6765
2024-07-19,131.5,135.88,129.7,133.26,42145.09,3708903.5405
2024-07-22,133.27,138.39,131.0,132.98,37474.67,3701110.5569
2024-07-23,132.27,132.55,123.88,124.0,34116.52,3451178.4408
2024-07-24,123.5,124.8,120.5,121.3,19432.07,3376031.8135
2024-07-25,119.24,122.6,119.24,121.36,16890.61,3377701.7385
2024-07-26,120.92,127.9,120.2,126.0,22919.99,3506842.6092
2024-07-29,125.9,127.76,122.12,122.4,16641.59,3406647.1061
2024-07-30,122.4,125.87,120.54,123.18,18581.17,3428356.1318
2024-07-31,123.0,128.29,121.02,128.0,28479.77,3562506.7776
2024-08-01,128.52,137.48,128.52,133.82,41832.4,3724489.5076
2024-08-02,132.5,136.96,130.6,131.8,32364.0,3668268.6976
2024-08-05,129.94,135.0,126.86,130.05,35830.3,3619562.5502
2024-08-06,130.2,133.93,130.0,133.38,28626.66,3712243.3906
2024-08-07,131.65,135.5,131.6,132.41,20113.68,3685246.2689
2024-08-08,131.5,138.9,129.6,136.59,29052.64,3801584.3809
2024-08-09,137.6,138.59,131.6,132.0,26954.47,3673835.1144
2024-08-12,131.8,132.69,130.0,131.4,11065.27,3657135.8639
2024-08-13,131.88,132.56,129.0,132.11,14760.5,3676896.6437
2024-08-14,132.0,132.5,125.0,125.0,25699.91,3479010.525
2024-08-15,124.99,127.89,122.75,125.7,21253.45,3498492.9839
2024-08-16,125.21,127.9,124.6,126.02,11063.04,3507399.2509
2024-08-19,126.17,128.17,124.42,124.99,12754.9,3478732.2042
2024-08-20,125.88,125.88,119.95,120.88,20852.87,3364342.3381
2024-08-21,120.62,121.87,119.67,120.82,12335.07,3362672.413
2024-08-22,121.02,121.26,118.0,119.29,14971.74,3320089.3242
2024-08-23,119.88,119.88,113.55,117.0,23049.0,3256353.8514
2024-08-26,117.0,121.5,116.0,119.5,19641.83,3325934.0619
2024-08-27,119.44,124.01,119.43,123.0,18035.9,3423346.3566
2024-08-28,122.0,125.6,122.0,123.0,16751.25,3423346.3566
2024-08-29,123.0,126.0,122.02,124.68,15307.03,3470104.2581
2024-08-30,125.03,129.5,124.15,128.4,26176.45,3573639.6113
2024-09-02,127.89,128.28,120.68,120.96,14332.92,3366568.9048
2024-09-03,120.97,123.5,120.49,121.31,9467.56,3376310.1343
2024-09-04,120.0,124.9,118.0,123.0,12141.79,3423346.3566
2024-09-05,123.5,124.9,122.65,124.55,8752.54,3466486.0871
2024-09-06,124.94,124.94,118.38,118.8,13492.06,3306451.603
2024-09-09,119.0,120.73,117.35,118.41,7138.88,3295597.0901
2024-09-10,118.88,120.83,117.79,120.5,10107.91,3353766.1461
2024-09-11,120.34,122.44,119.56,120.82,10654.1,3362672.413
2024-09-12,120.57,122.0,117.51,117.51,11387.88,3270548.2143
2024-09-13,117.97,118.59,114.01,116.54,18406.62,3243551.0927
2024-09-18,116.94,116.95,113.0,113.83,12960.49,3168126.1445
2024-09-19,114.08,115.8,111.06,114.6,15325.8,3189556.8493
2024-09-20,114.5,114.99,109.0,110.8,22069.94,3083794.9294
2024-09-23,110.98,110.98,103.28,103.45,35800.35,2879229.1105
2024-09-24,104.55,108.47,101.4,107.5,34612.11,2991949.0515
2024-09-25,109.7,111.11,105.18,105.8,31755.88,2944634.5084
2024-09-26,106.0,110.6,104.57,110.6,25349.75,3078228.5125
2024-09-27,113.5,121.38,112.55,121.25,23825.1,3374640.2093
2024-09-30,129.18,144.0,127.1,144.0,68028.88,4007820.1248
2024-10-08,172.8,172.8,160.0,172.8,97836.95,4809384.1498
2024-10-09,167.0,188.2,160.75,167.7,119557.88,4667440.5203
2024-10-10,169.0,169.0,149.78,151.5,75472.28,4216560.7563
2024-10-11,150.0,152.76,137.9,139.78,50366.2,3890368.7295
2024-10-14,140.76,147.75,136.01,143.3,49838.2,3988337.6659
2024-10-15,144.78,151.0,142.17,143.05,48847.5,3981379.6448
2024-10-16,133.56,142.65,133.56,139.04,28874.21,3869772.9872
2024-10-17,141.0,142.66,137.68,137.73,29396.44,3833312.9569
2024-10-18,138.5,159.9,136.03,153.85,80506.33,4281966.1542
2024-10-21,156.9,169.97,151.05,153.86,121896.26,4282244.475
2024-10-22,152.7,152.7,146.2,148.72,67741.75,4139187.5622
2024-10-23,147.0,157.7,146.12,154.49,64700.15,4299778.6881
2024-10-24,151.96,160.95,150.0,156.0,61423.11,4341805.1352
2024-10-25,156.79,166.5,156.79,161.26,58377.53,4488201.8981
2024-10-28,161.26,163.9,153.83,157.2,54211.56,4375203.6362
2024-10-29,154.03,159.43,152.2,152.92,62996.82,4256082.3159
2024-10-30,151.44,154.78,149.13,151.54,46598.83,4217674.0397
2024-10-31,151.5,163.62,150.19,161.0,64723.44,4480965.5562
2024-11-01,160.08,164.58,154.92,155.11,49398.43,4317034.5803
2024-11-04,154.14,170.26,153.6,167.9,74664.8,4673006.9372
2024-11-05,167.9,176.6,166.1,169.01,72119.87,4703900.5506
2024-11-06,169.0,184.79,167.18,177.2,75946.71,4931845.3202
2024-11-07,175.5,180.0,171.88,177.6,51536.16,4942978.1539
2024-11-08,182.5,206.6,181.1,188.78,89059.88,5254140.8553
2024-11-11,197.49,216.38,195.17,212.45,124490.55,5912926.2883
2024-11-12,208.32,212.2,197.81,200.0,87099.07,5566416.84
2024-11-13,200.0,216.52,197.36,206.89,69867.37,5758179.9001
2024-11-14,203.86,216.0,203.17,205.5,57191.43,5719493.3031
2024-11-15,205.0,205.0,180.0,184.0,84406.23,5121103.4928
2024-11-18,182.0,193.98,178.62,186.98,61583.17,5204043.1037
2024-11-19,185.85,191.58,178.0,188.48,56259.02,5245791.23
2024-11-20,187.0,189.9,185.0,187.86,31573.01,5228535.3378
2024-11-21,189.0,198.67,187.86,194.31,47709.44,5408052.2809
2024-11-22,193.0,200.12,190.0,190.1,40932.92,5290879.2064
2024-11-25,191.05,198.38,187.0,191.86,43416.54,5339863.6746
2024-11-26,190.94,194.99,189.02,189.9,29027.16,5285312.7896
2024-11-27,187.2,192.0,178.6,190.13,44301.83,5291714.1689
2024-11-28,191.0,199.9,189.01,195.6,49010.98,5443955.6695
2024-11-29,194.3,204.95,193.8,199.31,40394.27,5547212.7019
2024-12-02,199.64,201.0,195.51,198.0,34330.75,5510752.6716
2024-12-03,199.5,202.67,185.28,189.91,50306.89,5285591.1104
2024-12-04,193.03,193.69,184.95,187.1,34701.47,5207382.9538
2024-12-05,184.15,185.98,179.5,183.8,44310.51,5115537.076
2024-12-06,184.0,187.98,182.02,184.02,38387.11,5121660.1345
2024-12-09,183.22,185.0,178.64,180.96,30847.81,5036493.9568
2024-12-10,189.0,190.8,179.52,180.15,34927.38,5013949.9686
2024-12-11,180.99,181.0,174.3,175.15,37650.81,4874789.5476
2024-12-12,174.9,176.07,172.77,173.71,35544.92,4834711.3464
2024-12-13,172.0,174.61,169.0,171.5,57771.88,4773202.4403
2024-12-16,170.0,170.0,161.2,164.2,58984.39,4570028.2256
2024-12-17,164.2,166.98,162.6,163.97,27693.2,4563626.8463
2024-12-18,165.0,170.5,164.23,166.55,39137.9,4635433.6235
2024-12-19,164.0,166.5,161.5,164.4,40022.86,4575594.6425
2024-12-20,164.88,174.21,163.43,168.56,53303.22,4691376.1128
2024-12-23,167.99,174.6,164.6,170.01,49004.74,4731732.6348
2024-12-24,169.33,172.0,165.3,170.1,40483.86,4734237.5224
2024-12-25,170.2,170.99,163.77,163.77,35902.55,4558060.4294
2024-12-26,163.54,165.9,161.7,163.22,35008.27,4542752.7831
2024-12-27,163.81,169.2,161.39,163.06,42119.32,4538299.6497
2024-12-30,162.98,164.84,159.2,160.38,40691.75,4463709.664
2024-12-31,160.79,161.9,153.66,153.67,42869.97,4276956.379
2025-01-02,154.59,154.67,144.97,146.7,42233.54,4082966.7521
2025-01-03,148.2,152.99,146.82,148.0,41291.63,4119148.4616
2025-01-06,148.6,151.37,145.27,145.76,26497.26,4056804.593
2025-01-07,147.5,150.17,146.08,148.18,28168.46,4124158.2368
2025-01-08,146.87,148.9,141.16,147.0,37337.11,4091316.3774
2025-01-09,146.8,149.29,145.3,146.11,24976.14,4066545.8225
2025-01-10,146.21,151.8,143.2,143.2,38400.09,3985554.4574
2025-01-13,141.57,144.81,141.11,144.24,30218.24,4014499.825
2025-01-14,145.65,151.8,144.0,151.63,45525.38,4220178.9272
2025-01-15,151.7,152.48,147.75,149.51,30954.15,4161174.9087
2025-01-16,151.1,154.37,149.12,151.04,36080.67,4203757.9976
2025-01-17,150.5,158.6,149.89,154.95,40716.31,4312581.4468
2025-01-20,157.78,157.94,151.11,153.7,41465.85,4277791.3415
2025-01-21,157.74,157.74,149.66,151.36,43116.97,4212664.2645
2025-01-22,150.0,151.0,147.27,148.07,35454.03,4121096.7075
2025-01-23,150.69,151.44,146.46,147.0,30162.22,4091316.3774
2025-01-24,145.1,149.89,145.01,148.0,25391.36,4139990.9464
2025-01-27,148.0,149.4,142.36,142.65,23438.55,3990335.8683
2025-02-05,145.5,145.79,141.0,144.64,38087.72,4046001.9628
2025-02-06,144.4,159.99,143.0,158.0,74602.93,4419720.0644
2025-02-07,158.0,159.47,153.61,157.11,48920.69,4394824.1729
2025-02-10,157.13,161.6,153.62,159.88,50928.35,4472309.1386
2025-02-11,159.5,161.91,156.18,159.81,39564.74,4470351.0348
2025-02-12,159.69,165.64,158.0,161.92,47532.82,4529373.8787
2025-02-13,161.31,165.56,160.41,162.86,57297.71,4555668.4157
2025-02-14,161.04,164.22,156.01,157.28,43870.69,4399579.5679
2025-02-17,155.55,164.2,155.54,163.46,49593.41,4572452.1628
2025-02-18,164.58,171.57,162.03,163.5,56292.74,4573571.0793
2025-02-19,164.09,173.33,163.96,170.0,66079.51,4755395.006
2025-02-20,171.0,171.5,166.88,167.99,35770.4,4699169.4533
2025-02-21,168.0,173.0,166.5,171.81,61425.96,4806025.9764
2025-02-24,171.98,181.5,171.81,177.22,64134.35,4957359.4292
2025-02-25,183.24,199.2,182.09,187.46,110932.85,5243802.046
2025-02-26,187.4,188.45,178.5,185.52,66484.98,5189534.5971
2025-02-27,184.67,186.45,178.0,183.87,54703.75,5143379.2927
2025-02-28,185.99,190.59,177.64,178.0,58430.99,4979178.3004
2025-03-03,179.79,179.79,173.02,175.14,43906.52,4899175.7727
2025-03-04,172.01,178.59,169.23,175.04,49408.32,4896378.4815
2025-03-05,174.9,177.6,173.5,175.73,27339.3,4915679.7906
2025-03-06,185.95,206.0,185.0,193.01,103978.22,5399051.7065
2025-03-07,192.36,196.96,190.9,194.99,49110.53,5454438.0719
2025-03-10,191.72,196.6,189.91,192.59,35542.59,5387303.0836
2025-03-11,189.5,196.68,189.06,191.6,32971.77,5359609.9009
2025-03-12,190.0,190.01,179.0,180.67,66989.18,5053865.9749
2025-03-13,180.84,181.71,175.88,178.0,27315.0,4979178.3004
2025-03-14,178.0,181.48,175.89,179.01,38267.77,5007430.9413
2025-03-17,177.0,181.99,177.0,179.51,22172.81,5021417.3972
2025-03-18,180.95,182.98,178.0,179.33,20125.63,5016382.2731
2025-03-19,178.31,179.32,171.5,172.22,43751.94,4817494.8702
2025-03-20,171.0,171.91,168.05,168.6,26448.36,4716232.9295
2025-03-21,168.7,171.5,165.31,167.46,31058.68,4684343.81
2025-03-24,167.0,175.48,166.42,173.32,35033.65,4848265.0732
2025-03-25,173.5,175.47,170.85,173.65,17190.72,4857496.1341
2025-03-26,173.21,174.5,169.69,172.21,16293.89,4817215.1411
2025-03-27,170.81,174.88,167.33,171.2,23771.52,4788962.5002
2025-03-28,170.9,172.69,155.8,157.29,88156.31,4399859.297
2025-03-31,156.0,160.75,155.0,157.51,40656.54,4406013.3376
2025-04-01,158.03,167.0,157.51,162.31,44367.03,4540283.3143
2025-04-02,161.79,162.6,158.9,162.27,16979.25,4539164.3978
2025-04-03,162.0,169.38,160.77,163.58,30134.66,4575808.9122
2025-04-07,159.9,165.8,148.0,154.0,53593.58,4307828.4172
2025-04-08,156.55,161.5,152.5,156.73,40599.11,4384194.4664
2025-04-09,152.5,167.96,152.5,164.52,65124.0,4602103.4493
2025-04-10,164.0,165.11,158.89,162.93,50405.39,4557626.5196
2025-04-11,161.0,168.5,159.87,164.51,54950.66,4601823.7202
2025-04-14,164.52,164.99,156.59,158.7,45751.36,4439301.1027
2025-04-15,157.0,159.2,155.08,158.71,22419.71,4439580.8318
2025-04-16,158.7,161.88,155.55,160.0,21714.54,4475665.888
2025-04-17,157.58,160.5,156.5,158.53,19466.53,4434545.7077
2025-04-18,157.53,157.98,152.8,152.8,24808.08,4274260.923
2025-04-21,151.49,159.88,150.35,157.27,37390.45,4399299.8388
2025-04-22,156.56,159.0,154.63,157.0,22747.8,4391747.1526
2025-04-23,157.51,158.38,155.01,155.48,22403.21,4349228.3267
2025-04-24,154.88,156.48,152.48,153.55,17902.74,4295240.6069
2025-04-25,154.58,161.5,152.88,160.8,35526.1,4498044.2174
2025-04-28,163.5,165.55,161.0,161.53,21564.02,4518464.4431
2025-04-29,161.61,164.3,159.25,163.8,21073.9,4581962.9528
2025-04-30,160.2,160.53,152.5,156.38,52653.37,4374403.9473
2025-05-06,155.9,162.48,155.9,161.98,37347.83,4531052.2534
2025-05-07,166.66,166.66,159.01,161.0,31526.63,4503638.7998
2025-05-08,160.99,162.8,159.01,162.1,16506.51,4534409.0028
2025-05-09,160.5,162.39,155.51,156.02,21508.73,4364333.699
2025-05-12,156.02,158.6,153.69,154.23,24351.4,4314262.1869
2025-05-13,156.0,156.9,153.8,154.38,13100.3,4318458.1237
2025-05-14,155.2,155.98,153.5,155.6,15275.18,4352585.0761
2025-05-15,155.21,155.58,152.59,152.68,13185.06,4270904.1736
2025-05-16,151.99,153.6,150.99,153.43,9792.35,4291883.8575
2025-05-19,152.68,155.7,152.05,152.9,17752.87,4277058.2142
2025-05-20,153.26,153.97,151.7,152.89,15232.34,4276778.4851
2025-05-21,152.84,153.9,150.0,150.55,17160.54,4211321.8715
2025-05-22,150.55,151.29,148.01,148.54,16967.76,4155096.3188
2025-05-23,148.54,149.5,146.23,146.99,22120.65,4111738.3055
2025-05-26,149.71,151.48,147.3,149.5,21365.54,4181950.3141
2025-05-27,148.58,149.57,145.3,145.3,18484.56,4064464.0845
2025-05-28,146.01,146.79,144.71,145.29,10749.69,4064184.3554
2025-05-29,145.4,151.99,145.15,151.6,21853.54,4240693.4289
2025-05-30,150.79,151.3,147.41,147.41,16700.78,4123486.9284
2025-06-03,147.41,149.46,143.39,146.07,24911.29,4086003.2266
2025-06-04,146.12,147.09,142.1,142.1,29293.63,3974950.7668
2025-06-05,143.0,149.45,142.1,149.2,33855.94,4173558.4406
2025-06-06,148.3,150.7,147.04,149.87,17391.99,4192300.2915
2025-06-09,148.88,151.22,147.62,150.88,16998.71,4220552.9324
2025-06-10,151.2,151.2,143.17,144.4,32639.26,4039288.4639
2025-06-11,144.51,146.12,142.78,143.14,20435.62,4004042.5951
2025-06-12,142.79,142.79,139.39,139.7,22331.74,3907815.7785
2025-06-13,139.4,142.87,138.63,142.07,28103.75,3974111.5794
2025-06-16,140.6,142.7,140.33,142.19,21078.98,3977468.3288
2025-06-17,142.67,142.67,139.92,140.43,11912.83,3928236.0041
2025-06-18,139.9,146.88,139.9,145.5,27064.18,4070058.6669
2025-06-19,145.0,149.22,144.36,146.6,25213.46,4100828.8699
2025-06-20,146.8,149.5,146.21,146.5,14918.8,4098031.5787
2025-06-23,147.0,155.0,146.37,151.7,35386.12,4243490.7201
2025-06-24,151.48,152.28,149.6,151.0,20082.88,4223909.6818
2025-06-25,151.9,151.98,148.08,151.0,28498.86,4223909.6818
2025-06-26,151.13,154.13,150.55,151.03,28612.77,4224748.8692
2025-06-27,152.58,154.3,150.88,151.53,22566.38,4238735.3251
2025-06-30,152.59,154.97,152.1,153.71,21693.04,4299716.2728
2025-07-01,153.71,155.33,151.54,153.34,23565.23,4289366.2954
2025-07-02,152.71,153.07,149.02,149.98,19254.02,4195377.3118
2025-07-03,149.98,150.92,148.2,149.55,12745.75,4183348.9597
2025-07-04,149.55,162.0,147.85,158.2,51813.76,4425314.6468
2025-07-07,157.0,165.3,157.0,162.69,45867.35,4550913.0207
2025-07-08,163.83,166.16,161.5,162.11,26503.45,4534688.7319
2025-07-09,161.38,165.88,161.38,162.88,26659.31,4556227.874
2025-07-10,162.64,163.88,161.5,162.06,17601.11,4533290.0863
2025-07-11,162.19,164.5,160.81,163.98,28921.37,4586998.077
2025-07-14,164.49,164.49,159.5,159.88,19136.44,4472309.1386
2025-07-15,158.5,161.0,155.67,158.08,22836.97,4421957.8973
2025-07-16,158.08,161.98,157.81,158.21,17866.9,4425594.3759
2025-07-17,157.9,157.9,154.54,156.55,26228.77,4379159.3423
2025-07-18,170.51,174.0,160.36,164.16,61094.66,4592033.2011
2025-07-21,163.7,165.5,162.48,163.21,28128.49,4565458.9349
2025-07-22,164.7,170.47,162.57,164.68,48787.14,4606579.1152
2025-07-23,163.51,176.3,163.33,175.37,66398.64,4905609.5424
2025-07-24,174.21,178.5,173.41,176.81,37540.36,4945890.5354
2025-07-25,177.5,177.91,173.55,176.15,44486.27,4927428.4136
2025-07-28,175.8,176.8,173.8,175.23,28487.26,4901693.3347
2025-07-29,174.18,179.98,172.88,177.0,39195.97,4951205.3886
2025-07-30,175.9,178.52,173.11,174.68,25388.18,4886308.2332
2025-07-31,174.0,175.41,169.32,170.56,35309.09,4771059.8366
2025-08-01,170.08,171.89,167.7,170.03,24164.46,4756234.1934
2025-08-04,170.0,172.69,168.16,170.49,23105.47,4769101.7328
2025-08-05,168.7,169.18,163.83,168.05,33988.73,4700847.828
2025-08-06,167.88,168.81,165.03,166.39,37717.04,4654412.7944
2025-08-07,166.0,169.58,165.69,166.04,37432.57,4644622.2753
2025-08-08,166.04,167.46,164.18,164.65,28167.55,4605739.9279
2025-08-11,164.0,167.48,163.0,165.23,26177.05,4621964.2167
2025-08-12,165.0,165.2,161.17,162.87,42482.7,4555948.1449
2025-08-13,162.95,165.59,162.35,163.31,31372.25,4568256.2261
2025-08-14,163.76,168.8,163.02,163.95,57565.28,4586158.8896
2025-08-15,163.8,167.95,161.31,166.18,41611.61,4648538.4829
2025-08-18,167.01,173.0,166.0,169.55,50740.25,4742807.1957
2025-08-19,169.7,169.7,166.06,166.19,39900.99,4648818.212
2025-08-20,165.8,174.48,163.18,173.9,59235.73,4864489.362
2025-08-21,175.0,177.55,172.04,173.22,54661.69,4845467.782
2025-08-22,173.58,185.0,173.28,182.17,72590.83,5095825.3426
2025-08-25,188.0,191.39,178.86,182.86,80725.3,5115126.6517
2025-08-26,182.6,198.95,181.0,191.7,95198.56,5362407.1921
2025-08-27,192.0,200.5,188.01,188.05,83493.32,5260306.064
2025-08-28,189.0,196.2,187.0,196.2,77007.19,5488285.2952
2025-08-29,194.0,195.1,187.78,190.0,72615.07,5314853.242
2025-09-01,193.99,199.68,191.25,196.48,64749.83,5496117.7105
2025-09-02,195.0,197.9,184.5,186.75,65344.03,5223941.2787
2025-09-03,185.82,190.82,184.52,186.5,45046.07,5216948.0507
2025-09-04,183.45,186.48,167.5,170.82,75906.81,4778332.7937
2025-09-05,170.95,174.3,169.12,172.8,49850.44,4833719.159
2025-09-08,171.99,177.77,168.01,176.66,58473.84,4941694.5986
2025-09-09,173.69,174.6,168.5,169.46,44857.71,4740289.6336
2025-09-10,168.2,172.77,167.0,170.3,38449.07,4763786.8795
2025-09-11,169.6,177.44,169.01,176.97,58034.31,4950366.2012
2025-09-12,177.05,183.0,176.0,176.47,56167.94,4936379.7453
2025-09-15,190.99,199.98,181.0,189.79,137017.75,5308978.9305
2025-09-16,185.0,192.29,184.6,189.15,85364.58,5291076.267
2025-09-17,192.38,202.66,187.11,200.8,107153.99,5616960.6894
2025-09-18,198.02,226.9,198.02,213.98,156480.86,5985643.667
2025-09-19,215.0,219.89,208.6,210.16,92867.37,5878787.1439
2025-09-22,209.96,222.82,205.23,219.3,93051.18,6134459.5577
2025-09-23,219.5,231.0,218.88,229.9,109458.75,6430972.4228
2025-09-24,228.0,266.0,226.83,252.19,137116.45,7054488.6268
2025-09-25,247.78,252.49,241.2,249.0,100904.3,6965255.0382
2025-09-26,248.0,260.66,247.0,250.19,86236.89,6998542.8032
2025-09-29,253.0,265.18,251.01,264.0,83239.41,7422727.752
2025-09-30,264.61,278.0,255.47,260.18,95936.18,7315323.1307
2025-10-09,261.0,293.88,260.77,277.68,109892.08,7807360.0082
2025-10-10,267.0,275.0,263.0,265.0,95063.24,7450844.145
2025-10-13,260.0,271.5,255.2,268.22,95584.47,7541378.9305
2025-10-14,273.8,273.88,246.0,247.65,109719.6,6963024.7265
2025-10-15,249.25,256.78,246.5,252.6,73848.33,7102200.8718
2025-10-16,251.5,257.7,249.4,250.1,48701.04,7031909.8893
2025-10-17,249.95,251.34,241.6,241.6,58297.05,6792920.5488
2025-10-20,248.25,253.08,240.61,246.03,51695.59,6917476.1698
2025-10-21,247.1,250.88,245.05,247.82,50029.73,6967804.5133
2025-10-22,245.88,251.88,243.35,249.01,48291.25,7001263.0209
2025-10-23,249.87,263.94,249.5,258.7,97032.89,7273710.8691
2025-10-24,260.21,293.2,260.21,286.0,134843.54,8041288.398
2025-10-27,305.0,318.18,293.6,315.5,133898.84,8870721.9915
2025-10-28,305.0,328.5,302.1,323.5,97468.11,9095653.1355
2025-10-29,320.0,327.65,314.0,326.91,76249.52,9191530.0356
2025-10-30,326.91,341.8,319.93,326.75,82957.63,9187031.4128
2025-10-31,320.0,322.0,287.77,305.0,132777.04,8575499.865
2025-11-03,299.37,299.9,280.65,295.36,104346.02,8304457.8365
2025-11-04,297.0,314.97,295.36,304.79,94033.16,8569595.4225
2025-11-05,292.0,314.5,291.0,310.2,72864.72,8721705.1086
2025-11-06,312.12,332.66,307.43,328.0,103346.16,9222176.904
2025-11-07,324.85,346.8,320.0,333.3,98448.38,9371193.7869
2025-11-10,343.0,350.58,326.8,338.04,94010.13,9504465.4897
2025-11-11,348.0,354.65,331.12,334.1,85750.91,9393686.9013
2025-11-12,329.48,348.48,323.0,341.03,69743.09,9588533.5048
2025-11-13,337.0,345.99,326.28,336.4,61536.53,9458354.6052
2025-11-14,330.0,347.11,325.44,330.0,58366.12,9278409.69
2025-11-17,335.0,337.0,306.98,311.13,95334.68,8747853.3541
2025-11-18,311.13,335.9,311.11,327.19,83044.2,9199402.6257
2025-11-19,326.52,327.0,313.16,319.0,49813.94,8969129.367
2025-11-20,322.0,323.03,307.11,307.85,47251.89,8655631.5851
2025-11-21,291.45,301.86,288.28,290.0,69240.21,8153753.97
2025-11-24,291.03,293.88,281.01,287.69,58639.03,8088805.1022
2025-11-25,291.43,299.9,289.22,290.6,50418.17,8170623.8058
2025-11-26,288.25,301.9,285.67,295.19,49494.31,8299678.0497
2025-11-27,297.67,301.74,289.3,290.0,43306.09,8153753.97
2025-11-28,289.38,312.28,288.42,303.3,61687.31,8527701.9969
2025-12-01,296.03,303.2,287.0,291.76,81984.83,8203238.8217
2025-12-02,290.25,298.93,288.6,292.05,43104.48,8211392.5757
2025-12-03,293.32,299.51,286.8,288.0,50458.83,8097521.184
2025-12-04,285.56,310.38,285.07,305.29,71450.87,8583653.619
2025-12-05,301.73,306.28,299.68,304.02,42083.56,8547945.7999
2025-12-08,306.0,311.2,293.88,309.2,63363.58,8693588.7156
2025-12-09,305.9,315.58,303.68,310.04,53072.1,8717206.4857
2025-12-10,306.0,317.01,301.71,314.51,46077.11,8842886.7624
2025-12-11,314.0,325.7,312.67,316.0,53852.34,8884780.188
2025-12-12,314.0,353.09,312.0,343.25,112024.68,9650951.8973
2025-12-15,342.85,349.08,330.01,341.7,71552.87,9607371.4881
2025-12-16,338.7,345.0,325.0,337.0,50503.67,9475224.441
2025-12-17,336.21,339.0,328.3,337.0,48986.26,9475224.441
2025-12-18,336.68,340.99,329.11,329.95,41939.01,9277003.8704
2025-12-19,333.9,334.9,322.3,327.66,33058.29,9212617.3304
2025-12-22,329.64,365.0,327.66,361.65,69287.07,10168293.5285
2025-12-23,360.95,369.65,355.95,359.68,50616.79,10112904.2342
2025-12-24,363.0,363.98,346.66,353.03,55363.8,9925930.2208
2025-12-25,347.62,360.5,343.42,351.1,51915.08,9871665.5823
2025-12-26,350.0,359.19,345.17,347.57,36876.02,9772414.715
2025-12-29,343.0,347.35,331.0,336.97,63074.65,9474380.9492
2025-12-30,336.98,345.5,330.51,333.99,47256.69,9390594.0981
2025-12-31,343.5,347.77,330.0,330.0,54474.39,9278409.69
2026-01-05,333.57,355.2,333.57,354.31,73092.37,9961919.2038
2026-01-06,352.0,378.99,350.01,357.98,75554.82,10065106.3661
2026-01-07,373.0,394.0,363.0,380.99,81544.64,10712064.5691
2026-01-08,370.5,375.0,358.18,360.69,78196.88,10141301.7912
2026-01-09,356.24,364.88,353.0,359.58,53627.64,10110092.5949
2026-01-12,363.01,371.78,353.28,356.8,67730.73,10031929.0224
2026-01-13,353.8,363.59,341.88,342.32,63950.14,9665230.6853
2026-01-14,343.81,372.34,343.0,363.81,88939.28,10271989.8797
2026-01-15,357.99,372.03,347.5,372.03,98252.79,10504077.3891
2026-01-16,378.0,391.88,371.2,385.68,107420.12,10889478.1803
2026-01-19,387.0,387.0,373.0,375.0,66741.89,10587933.825
2026-01-20,372.0,379.76,363.67,370.0,51886.37,10446761.374
2026-01-21,366.01,387.99,363.99,368.83,78058.06,10413727.0205
2026-01-22,374.47,376.8,361.18,364.0,56114.78,10277354.4328
2026-01-23,364.0,376.03,359.22,376.03,66241.03,10617015.3499
2026-01-26,368.55,372.94,351.98,359.59,62552.74,10152840.331
2026-01-27,359.5,378.0,354.1,364.1,67263.38,10280177.8818
2026-01-28,367.77,383.68,365.02,378.0,64056.35,10672637.2956
2026-01-29,373.01,377.98,359.68,361.68,51777.96,10211850.4155
2026-01-30,358.93,370.51,348.21,352.74,58267.08,9959434.0731
2026-02-02,337.0,351.52,330.98,330.98,51145.78,9345051.5664
2026-02-03,337.66,338.5,326.23,336.6,45135.84,9503729.4013
2026-02-04,331.5,344.88,329.1,339.8,40565.95,9594079.77
2026-02-05,328.0,333.03,316.28,329.67,68613.87,9308064.3842
2026-02-06,328.44,338.0,323.33,330.33,40339.46,9326699.1478
2026-02-09,336.0,337.99,324.5,327.38,49759.75,9243407.4017
2026-02-10,328.0,333.66,324.6,327.5,31896.62,9246795.5405
2026-02-11,327.58,330.61,321.28,322.14,37187.64,9095458.673
2026-02-12,325.0,327.58,315.33,316.89,53199.04,8947227.5995
2026-02-13,315.8,334.3,315.0,325.0,48870.62,9176209.315
2026-02-24,328.0,328.94,315.51,327.33,35650.09,9241995.6772
2026-02-25,330.0,367.83,330.0,360.0,128250.02,10164416.472
2026-02-26,360.57,380.0,351.59,376.75,95302.09,10637344.1829
2026-02-27,370.97,372.59,363.76,369.4,54652.36,10429820.6799
2026-03-02,358.01,390.0,357.88,384.75,82721.31,10863220.1045
2026-03-03,391.9,407.7,375.0,380.0,85753.88,10729106.276
2026-03-04,379.48,387.0,365.76,380.0,55098.4,10729106.276
2026-03-05,388.0,406.58,381.0,384.69,68389.44,10861526.035
2026-03-06,378.42,391.0,373.92,377.2,40846.66,10650049.7034
2026-03-09,348.4,364.38,347.37,360.61,64562.75,10181639.511
2026-03-10,371.65,372.84,358.06,367.33,49595.11,10371375.2852
2026-03-11,365.6,370.0,354.0,359.5,38539.48,10150299.2269
2026-03-12,359.26,359.84,337.0,341.51,47143.49,9642360.7482
2026-03-13,337.89,347.0,330.72,339.02,43570.53,9572056.8676
2026-03-16,338.01,348.1,325.1,347.37,57426.44,9807814.8608
2026-03-17,345.37,349.01,333.48,334.06,33267.34,9432013.7962
2026-03-18,337.97,347.15,335.04,345.2,33947.52,9746546.017
2026-03-19,338.83,343.61,331.01,333.52,32318.12,9416767.1715
2026-03-20,336.99,362.55,334.0,347.87,63554.41,9821932.1059
2026-03-23,346.48,358.99,329.99,350.0,80445.47,9882071.57
2026-03-24,356.0,362.38,345.69,357.9,55446.47,10105124.0426
2026-03-25,367.99,385.49,359.13,368.23,63078.8,10396786.3263
2026-03-26,361.0,373.87,356.52,367.43,44289.99,10374198.7342
2026-03-27,358.0,381.67,354.64,377.0,58999.75,10644402.8054
2026-03-30,369.0,395.88,368.0,387.12,59367.67,10930135.8462
2026-03-31,384.37,388.86,365.53,370.0,60299.46,10446761.374
2026-04-01,378.0,385.0,358.37,368.48,68317.66,10403844.9489
2026-04-02,367.71,368.0,349.0,357.0,45941.03,10079713.0014
2026-04-03,361.66,365.99,354.38,357.52,28008.47,10094394.9363
2026-04-07,361.77,361.88,346.0,349.44,31585.0,9866260.2555
2026-04-08,362.56,379.49,358.1,379.45,68253.29,10713577.3064
2026-04-09,370.01,398.44,369.15,391.85,60418.11,11077325.6752
2026-04-10,400.0,407.0,392.33,398.06,48901.79,11252878.0357
2026-04-13,394.69,400.0,386.99,395.5,50245.62,11180508.6246
2026-04-14,403.5,420.0,400.0,408.6,60920.75,11550836.4703
2026-04-15,413.0,418.58,399.98,402.0,47497.5,11364259.0824
2026-04-16,403.0,408.66,395.24,402.89,38540.57,11389418.7605
2026-04-17,395.64,400.0,385.5,390.34,61553.03,11034639.0304
2026-04-20,388.0,404.69,380.51,398.44,48293.76,11263620.3701
2026-04-21,397.0,397.0,384.12,388.46,32384.46,10981492.7442
2026-04-22,388.49,398.88,382.83,394.96,56374.98,11165243.202
2026-04-23,395.0,398.6,378.02,380.04,48893.34,10743465.228
2026-04-24,385.0,393.6,375.6,384.58,45963.27,10871807.8555
2026-04-27,392.27,417.5,372.21,412.73,79847.56,11667588.6843
2026-04-28,405.0,438.55,398.97,423.5,90947.24,11972049.0582
2026-04-29,423.3,424.7,402.32,423.67,56976.71,11976854.8394
2026-04-30,426.36,456.5,425.0,445.0,67245.44,12579839.034
2026-05-06,467.24,489.97,460.04,464.16,81499.08,13121478.845
2026-05-07,467.13,483.39,457.21,479.56,50139.1,13556826.0835
2026-05-08,471.17,479.56,456.72,463.05,47377.35,13090099.9207
2026-05-11,475.0,516.96,468.86,504.18,84239.33,14252816.279
2026-05-12,500.0,514.98,490.0,507.02,56753.56,14333101.0944
2026-05-13,499.0,523.0,487.01,515.02,60625.87,14559255.504
2026-05-14,520.0,525.0,491.17,493.0,52325.53,13936765.4916
2026-05-15,493.0,565.0,472.06,529.94,105703.86,14981033.4779
2026-05-18,540.0,556.0,520.01,525.21,89217.49,14847319.6833
2026-05-19,525.21,562.78,508.0,554.93,83495.99,15687483.3149
2026-05-20,570.0,636.27,566.03,634.88,123297.49,17947613.9459
2026-05-21,648.01,698.0,601.0,606.2,151151.25,17136850.3874
2026-05-22,606.0,636.0,578.0,616.98,123409.51,17441593.4544
2026-05-25,602.0,740.05,583.85,721.0,146309.37,20382166.1652
2026-05-26,721.12,779.0,696.0,750.0,124141.01,21201975.9
2026-05-27,742.5,744.0,664.97,667.0,131486.09,18855623.9004
2026-05-28,664.97,700.0,641.12,672.61,117125.68,19014214.6801
2026-05-29,669.45,669.45,618.03,627.99,115296.31,17752838.4606
2026-06-01,611.0,622.0,580.62,583.35,97694.01,16490896.855
