date,open,close,high,low,volume
2020-01-02,4121.35,4152.24,4172.66,4121.35,18211.68
2020-01-03,4161.22,4144.96,4164.3,4131.86,14282.62
2020-01-06,4120.52,4129.3,4170.64,4102.38,17531.0
2020-01-07,4137.4,4160.23,4161.25,4135.1,13948.9
2020-01-08,4139.63,4112.32,4149.81,4101.98,16758.59
2020-01-09,4145.53,4164.37,4165.66,4143.59,13688.63
2020-01-10,4177.58,4163.18,4180.98,4148.48,11303.17
2020-01-13,4166.93,4203.99,4203.99,4148.6,11969.2
2020-01-14,4215.16,4189.89,4223.51,4188.08,12932.08
2020-01-15,4186.88,4166.73,4193.87,4150.88,10463.31
2020-01-16,4174.82,4149.04,4175.29,4142.18,10026.76
2020-01-17,4162.19,4154.85,4177.03,4141.64,9872.57
2020-01-20,4170.74,4185.83,4185.96,4149.49,12240.91
2020-01-21,4165.02,4114.31,4165.02,4113.33,13052.75
2020-01-22,4093.8,4131.93,4141.18,4046.49,12675.88
2020-01-23,4093.32,4003.9,4103.52,3972.39,16035.76
2020-02-03,3639.91,3688.36,3732.16,3639.91,15755.96
2020-02-04,3652.0,3785.64,3786.86,3652.0,21393.33
2020-02-05,3801.1,3828.53,3866.01,3781.61,17492.55
2020-02-06,3841.75,3899.78,3914.92,3806.96,17646.22
2020-02-07,3879.55,3899.87,3899.88,3849.71,15173.18
2020-02-10,3872.37,3916.01,3920.17,3861.01,14840.7
2020-02-11,3926.42,3952.46,3970.52,3915.71,14344.17
2020-02-12,3945.67,3984.43,3984.43,3940.67,12671.03
2020-02-13,3985.88,3959.92,3999.55,3950.14,14500.18
2020-02-14,3954.23,3987.73,4001.56,3954.02,14323.98
2020-02-17,3999.65,4077.42,4077.45,3999.65,18277.9
2020-02-18,4069.83,4057.51,4076.39,4027.79,16323.62
2020-02-19,4049.59,4051.31,4085.17,4042.85,16904.64
2020-02-20,4062.9,4144.66,4148.53,4055.81,21223.26
2020-02-21,4134.87,4149.49,4184.44,4130.17,21721.36
2020-02-24,4131.84,4132.84,4149.01,4097.18,21286.93
2020-02-25,4066.3,4123.85,4126.71,4020.91,24416.78
2020-02-26,4070.1,4073.02,4132.78,4061.13,26109.41
2020-02-27,4084.08,4084.88,4110.53,4067.44,18129.1
2020-02-28,3988.73,3940.05,4031.15,3928.07,23027.51
2020-03-02,3968.84,4069.67,4092.54,3968.84,21931.36
2020-03-03,4125.14,4091.36,4147.65,4067.91,21936.98
2020-03-04,4078.5,4115.05,4115.26,4060.73,18242.47
2020-03-05,4150.21,4206.73,4215.85,4127.04,23182.31
2020-03-06,4158.2,4138.51,4181.31,4135.39,17247.57
2020-03-09,4063.08,3997.13,4063.08,3995.13,20810.2
2020-03-10,3975.23,4082.73,4093.0,3954.75,19741.64
2020-03-11,4090.93,4028.43,4091.27,4028.4,16165.61
2020-03-12,3976.11,3950.91,3987.43,3926.27,15706.05
2020-03-13,3771.01,3895.31,3937.18,3765.15,18829.67
2020-03-16,3899.86,3727.84,3899.86,3720.51,18596.83
2020-03-17,3739.78,3709.68,3786.89,3618.31,16624.61
2020-03-18,3729.69,3636.26,3775.85,3636.26,15503.75
2020-03-19,3623.79,3589.09,3647.99,3503.19,18080.74
2020-03-20,3629.51,3653.22,3663.95,3588.78,13960.3
2020-03-23,3542.68,3530.31,3585.8,3523.79,13710.88
2020-03-24,3598.65,3625.11,3627.76,3545.45,14310.3
2020-03-25,3711.48,3722.52,3732.65,3685.99,15349.6
2020-03-26,3692.61,3698.05,3736.25,3681.27,11231.07
2020-03-27,3746.39,3710.06,3758.78,3709.92,12406.1
2020-03-30,3657.46,3674.11,3690.64,3637.59,12687.67
2020-03-31,3708.14,3686.16,3716.07,3676.2,11145.3
2020-04-01,3682.3,3675.08,3731.78,3670.97,11935.26
2020-04-02,3656.32,3734.53,3734.53,3652.32,11516.82
2020-04-03,3721.48,3713.22,3738.83,3698.98,9982.51
2020-04-07,3779.91,3798.02,3803.63,3772.21,14277.8
2020-04-08,3776.42,3780.34,3793.0,3767.29,11138.95
2020-04-09,3798.49,3792.81,3801.72,3785.31,10048.5
2020-04-10,3794.84,3769.18,3824.74,3758.96,10244.5
2020-04-13,3751.71,3753.26,3769.88,3740.19,7905.33
2020-04-14,3777.83,3825.7,3825.76,3764.98,11063.76
2020-04-15,3820.85,3797.36,3829.8,3793.44,10846.2
2020-04-16,3777.8,3802.38,3807.36,3774.56,9594.8
2020-04-17,3831.92,3839.49,3863.45,3821.42,13200.43
2020-04-20,3845.46,3853.46,3853.8,3831.55,10001.31
2020-04-21,3838.23,3808.05,3838.23,3780.0,10292.19
2020-04-22,3789.13,3839.38,3839.38,3782.21,8589.95
2020-04-23,3851.91,3829.75,3857.47,3826.56,9550.85
2020-04-24,3826.31,3796.97,3827.21,3787.07,9484.41
2020-04-27,3808.02,3822.77,3842.87,3793.77,9546.27
2020-04-28,3835.35,3849.15,3859.68,3768.2,12209.35
2020-04-29,3837.51,3867.03,3880.74,3833.72,9585.46
2020-04-30,3880.41,3912.58,3921.7,3880.41,13291.71
2020-05-06,3867.26,3936.25,3937.69,3865.99,13985.57
2020-05-07,3937.59,3924.89,3941.48,3915.9,10551.46
2020-05-08,3943.0,3963.62,3979.66,3935.98,11694.33
2020-05-11,3974.76,3960.18,3998.1,3944.5,12267.38
2020-05-12,3961.34,3960.24,3970.11,3930.21,9825.06
2020-05-13,3946.64,3968.25,3972.53,3932.57,8819.07
2020-05-14,3952.2,3925.22,3952.2,3924.05,8853.0
2020-05-15,3941.13,3912.82,3945.2,3907.4,9261.84
2020-05-18,3914.66,3922.91,3946.43,3898.4,11280.18
2020-05-19,3963.78,3956.25,3966.85,3944.07,9401.53
2020-05-20,3955.71,3935.22,3955.71,3923.92,10079.12
2020-05-21,3950.6,3913.79,3951.74,3907.58,9486.1
2020-05-22,3907.58,3824.06,3907.58,3818.15,10337.84
2020-05-25,3828.32,3829.32,3835.63,3800.18,7903.33
2020-05-26,3850.0,3872.77,3874.75,3844.48,7744.81
2020-05-27,3873.7,3845.61,3873.7,3838.42,8371.18
2020-05-28,3848.49,3856.63,3885.42,3818.43,9306.41
2020-05-29,3838.38,3867.02,3872.3,3830.42,9381.38
2020-06-01,3901.73,3971.34,3976.32,3901.73,13645.67
2020-06-02,3969.95,3983.57,3991.78,3958.98,14430.31
2020-06-03,4001.17,3983.65,4018.68,3982.93,13659.75
2020-06-04,3998.16,3982.19,3999.81,3968.57,10427.77
2020-06-05,3988.22,4001.25,4001.25,3967.93,10244.39
2020-06-08,4023.61,4021.95,4050.22,4016.1,13792.58
2020-06-09,4027.56,4047.03,4052.16,4016.34,11530.45
2020-06-10,4046.23,4039.71,4046.23,4024.42,11226.57
2020-06-11,4031.74,3995.88,4043.01,3979.75,12730.89
2020-06-12,3931.62,4003.08,4011.06,3927.25,13416.66
2020-06-15,3982.97,3954.99,4007.14,3954.99,13129.79
2020-06-16,3995.58,4014.57,4014.57,3987.86,11105.15
2020-06-17,4018.61,4017.59,4018.61,3992.13,10560.58
2020-06-18,4009.78,4044.38,4047.56,4000.9,13814.88
2020-06-19,4047.05,4098.71,4109.36,4043.49,15294.7
2020-06-22,4097.51,4102.05,4126.94,4088.78,15582.95
2020-06-23,4098.04,4121.79,4124.73,4080.75,12922.95
2020-06-24,4128.1,4138.99,4144.68,4123.36,12171.25
2020-06-29,4127.93,4109.72,4137.37,4092.54,13086.59
2020-06-30,4130.0,4163.96,4174.42,4129.78,12593.35
2020-07-01,4172.64,4247.78,4247.78,4163.5,16999.05
2020-07-02,4239.41,4335.84,4340.1,4238.12,25293.94
2020-07-03,4353.19,4419.6,4419.6,4348.45,29048.55
2020-07-06,4465.81,4670.09,4678.11,4465.81,40582.1
2020-07-07,4739.61,4698.13,4796.32,4688.06,40600.86
2020-07-08,4692.86,4774.0,4803.36,4670.65,34807.48
2020-07-09,4770.08,4840.77,4854.12,4757.29,35104.69
2020-07-10,4796.09,4753.13,4821.37,4734.47,31694.97
2020-07-13,4742.37,4852.96,4878.08,4741.87,32164.54
2020-07-14,4836.17,4806.69,4860.44,4729.93,29724.2
2020-07-15,4821.52,4744.47,4837.48,4723.36,27238.9
2020-07-16,4741.53,4516.25,4772.56,4513.65,28465.71
2020-07-17,4524.77,4544.7,4601.37,4485.82,20737.56
2020-07-20,4597.2,4680.3,4681.94,4534.23,24606.89
2020-07-21,4697.5,4691.04,4714.29,4661.44,20041.57
2020-07-22,4682.66,4714.45,4790.45,4675.35,22419.92
2020-07-23,4668.74,4712.44,4731.4,4607.66,23431.46
2020-07-24,4679.03,4505.59,4691.7,4479.39,24390.52
2020-07-27,4535.01,4528.45,4558.12,4482.44,17142.06
2020-07-28,4567.67,4568.26,4590.25,4537.68,16276.85
2020-07-29,4559.16,4679.01,4680.56,4548.85,18669.53
2020-07-30,4689.76,4656.15,4704.63,4649.77,16696.76
2020-07-31,4652.18,4695.05,4741.81,4621.96,18483.9
2020-08-03,4735.9,4771.31,4771.37,4720.03,21477.62
2020-08-04,4778.49,4775.8,4807.08,4747.77,23997.5
2020-08-05,4761.76,4777.11,4786.7,4711.27,19670.05
2020-08-06,4779.24,4762.76,4791.86,4691.16,22785.44
2020-08-07,4742.29,4707.93,4749.02,4637.84,21351.82
2020-08-10,4681.76,4724.87,4757.66,4646.29,20378.88
2020-08-11,4730.37,4681.78,4791.53,4674.86,20554.65
2020-08-12,4668.89,4647.64,4681.62,4566.27,20288.72
2020-08-13,4666.49,4635.71,4671.77,4626.1,15255.01
2020-08-14,4627.61,4704.63,4708.07,4617.63,14729.29
2020-08-17,4727.12,4815.23,4838.09,4721.36,26800.16
2020-08-18,4816.57,4812.76,4825.39,4788.83,18913.99
2020-08-19,4804.67,4740.68,4809.05,4738.01,19244.29
2020-08-20,4708.13,4679.15,4721.44,4662.8,15836.86
2020-08-21,4717.79,4718.84,4739.48,4684.81,14265.79
2020-08-24,4746.4,4755.85,4769.47,4716.61,15114.35
2020-08-25,4769.21,4761.95,4802.41,4746.31,14170.14
2020-08-26,4761.72,4706.13,4786.42,4689.88,15130.52
2020-08-27,4718.06,4731.35,4731.94,4679.36,11904.29
2020-08-28,4727.29,4844.27,4850.49,4719.35,15939.98
2020-08-31,4870.93,4816.22,4901.21,4816.21,20256.7
2020-09-01,4803.39,4842.12,4842.14,4791.78,13839.54
2020-09-02,4859.08,4843.89,4863.55,4797.52,15798.95
2020-09-03,4841.5,4817.1,4877.01,4800.06,14567.12
2020-09-04,4737.24,4770.22,4778.2,4726.56,12003.28
2020-09-07,4759.52,4669.37,4789.3,4655.56,14860.78
2020-09-08,4683.83,4694.39,4707.9,4639.05,13919.92
2020-09-09,4634.25,4584.59,4645.2,4558.03,16227.71
2020-09-10,4632.1,4581.98,4647.75,4572.21,15065.29
2020-09-11,4572.26,4627.28,4630.88,4563.11,11530.24
2020-09-14,4652.05,4651.05,4666.99,4625.99,10723.52
2020-09-15,4649.45,4688.48,4691.5,4630.54,10191.59
2020-09-16,4683.01,4657.36,4690.68,4638.46,10875.36
2020-09-17,4642.05,4632.71,4664.95,4601.64,10598.36
2020-09-18,4636.64,4737.09,4737.8,4631.7,16042.65
2020-09-21,4750.75,4691.43,4752.98,4688.72,12453.58
2020-09-22,4654.22,4635.76,4706.21,4622.11,11967.29
2020-09-23,4639.66,4652.33,4665.96,4623.55,9582.65
2020-09-24,4623.95,4563.07,4631.95,4562.21,11259.37
2020-09-25,4582.48,4570.02,4599.54,4554.72,9301.52
2020-09-28,4582.65,4581.91,4613.63,4571.15,8504.84
2020-09-29,4608.29,4591.8,4616.68,4586.35,8599.39
2020-09-30,4607.58,4587.4,4634.72,4563.41,8908.12
2020-10-09,4663.61,4681.14,4695.4,4655.09,11133.75
2020-10-12,4705.19,4823.16,4823.27,4704.16,15578.46
2020-10-13,4812.9,4839.2,4845.92,4795.37,11651.63
2020-10-14,4830.46,4807.1,4830.46,4795.91,11190.69
2020-10-15,4810.78,4798.74,4833.89,4796.26,10996.5
2020-10-16,4798.92,4791.68,4825.55,4765.97,11671.61
2020-10-19,4823.49,4755.49,4849.61,4747.34,12924.64
2020-10-20,4751.37,4793.47,4793.47,4739.46,9804.82
2020-10-21,4801.63,4792.83,4801.63,4758.86,10380.57
2020-10-22,4780.6,4777.98,4791.81,4725.5,10135.09
2020-10-23,4775.47,4718.49,4802.46,4717.1,10682.52
2020-10-26,4684.05,4691.24,4713.39,4639.3,10834.33
2020-10-27,4680.14,4699.28,4708.46,4671.85,9265.63
2020-10-28,4703.0,4737.27,4753.31,4685.6,10846.34
2020-10-29,4683.61,4772.92,4803.03,4679.25,11711.73
2020-10-30,4776.47,4695.33,4778.51,4683.47,13980.23
2020-11-02,4702.75,4720.83,4738.02,4695.44,14286.77
2020-11-03,4743.17,4777.56,4793.4,4734.17,13605.54
2020-11-04,4781.45,4813.66,4825.46,4770.56,11466.18
2020-11-05,4861.34,4885.11,4885.11,4838.0,13924.46
2020-11-06,4897.63,4885.72,4897.63,4845.43,15363.9
2020-11-09,4918.86,4981.35,4997.8,4918.86,19713.2
2020-11-10,4995.41,4953.88,4995.41,4928.93,17626.72
2020-11-11,4937.76,4904.9,4957.58,4901.71,16447.05
2020-11-12,4916.77,4908.46,4926.34,4891.51,11811.46
2020-11-13,4886.98,4856.85,4886.98,4825.76,13369.31
2020-11-16,4880.96,4904.17,4904.17,4848.62,14877.1
2020-11-17,4903.12,4894.79,4909.29,4865.39,15148.75
2020-11-18,4889.67,4891.67,4911.09,4870.72,16421.66
2020-11-19,4880.92,4927.99,4939.79,4870.2,13368.14
2020-11-20,4928.22,4943.29,4947.43,4922.59,12940.03
2020-11-23,4954.6,5005.03,5029.65,4940.45,20591.52
2020-11-24,4997.05,4974.29,5001.06,4960.98,15663.79
2020-11-25,4992.75,4910.7,5004.77,4910.7,17034.05
2020-11-26,4908.32,4919.59,4925.29,4867.82,13720.23
2020-11-27,4930.59,4980.77,4980.77,4917.35,16295.29
2020-11-30,4994.11,4960.25,5055.19,4960.25,26263.9
2020-12-01,4963.13,5067.1,5072.55,4963.13,20406.56
2020-12-02,5072.98,5067.14,5090.61,5043.31,19543.55
2020-12-03,5065.45,5057.06,5072.3,5033.79,17786.57
2020-12-04,5049.52,5065.92,5072.39,5017.85,14434.72
2020-12-07,5065.73,5022.24,5067.87,5014.61,13989.62
2020-12-08,5029.11,5009.88,5043.06,4998.92,12307.3
2020-12-09,5022.38,4942.7,5033.64,4942.52,13891.7
2020-12-10,4931.29,4940.52,4962.74,4919.77,12591.43
2020-12-11,4957.82,4889.63,4957.82,4849.35,15935.77
2020-12-14,4903.63,4934.84,4937.26,4887.66,12080.16
2020-12-15,4931.6,4945.1,4954.19,4904.79,11834.26
2020-12-16,4957.3,4953.87,4968.86,4938.19,10677.9
2020-12-17,4960.73,5017.48,5021.62,4950.37,13338.55
2020-12-18,5014.32,4999.97,5027.44,4979.01,12804.96
2020-12-21,4995.76,5046.84,5048.51,4970.0,14081.18
2020-12-22,5034.98,4964.77,5055.13,4960.95,16234.5
2020-12-23,4977.3,5007.12,5028.45,4968.15,14029.28
2020-12-24,5006.01,5000.02,5033.04,4979.24,11441.87
2020-12-25,4985.77,5042.01,5042.1,4973.68,12100.7
2020-12-28,5042.94,5064.41,5089.34,5037.86,13691.44
2020-12-29,5071.45,5042.94,5077.42,5034.31,14119.87
2020-12-30,5037.98,5113.71,5113.71,5036.63,14862.64
2020-12-31,5122.48,5211.29,5215.62,5122.48,17160.25
2021-01-04,5212.93,5267.72,5284.43,5190.94,21171.14
2021-01-05,5245.84,5368.5,5368.5,5234.38,22493.12
2021-01-06,5386.51,5417.67,5433.47,5341.43,19377.34
2021-01-07,5428.39,5513.66,5513.66,5413.35,21987.21
2021-01-08,5526.29,5495.43,5547.47,5442.69,20432.5
2021-01-11,5504.24,5441.16,5555.69,5412.5,23183.6
2021-01-12,5419.5,5596.35,5596.35,5417.63,22422.02
2021-01-13,5609.26,5577.97,5644.72,5535.14,26156.99
2021-01-14,5556.21,5470.46,5568.02,5458.68,24368.34
2021-01-15,5471.39,5458.08,5500.63,5390.27,23863.74
2021-01-18,5438.16,5518.52,5541.46,5410.78,20705.19
2021-01-19,5525.97,5437.52,5532.48,5415.72,21104.34
2021-01-20,5439.91,5476.43,5496.05,5426.54,17091.33
2021-01-21,5492.96,5564.97,5593.11,5490.56,20995.02
2021-01-22,5562.38,5569.78,5573.66,5513.88,19930.0
2021-01-25,5564.12,5625.92,5655.48,5543.27,19704.7
2021-01-26,5600.9,5512.97,5600.9,5506.0,17190.46
2021-01-27,5505.77,5528.0,5534.99,5449.64,16019.08
2021-01-28,5450.37,5377.14,5462.24,5360.38,17048.56
2021-01-29,5413.97,5351.96,5430.2,5288.1,18217.88
2021-02-01,5356.85,5417.65,5422.3,5342.05,16631.37
2021-02-02,5429.7,5501.09,5503.21,5411.52,16521.06
2021-02-03,5499.3,5485.2,5532.89,5473.12,18805.43
2021-02-04,5453.98,5473.95,5510.05,5411.57,18057.57
2021-02-05,5494.7,5483.41,5550.77,5477.65,18969.96
2021-02-08,5506.14,5564.56,5576.49,5479.85,16403.38
2021-02-09,5584.17,5686.25,5686.25,5555.05,16488.73
2021-02-10,5709.68,5807.72,5823.42,5707.33,17016.98
2021-02-18,5922.07,5768.38,5930.91,5747.66,21884.87
2021-02-19,5734.02,5778.84,5787.89,5667.32,21447.58
2021-02-22,5785.51,5597.33,5785.51,5597.33,28212.44
2021-02-23,5542.68,5579.67,5644.76,5541.11,23380.77
2021-02-24,5591.48,5437.57,5598.83,5379.73,22542.86
2021-02-25,5494.47,5469.56,5527.63,5444.16,23073.6
2021-02-26,5343.9,5336.76,5416.32,5318.86,21226.45
2021-03-01,5389.25,5418.78,5421.56,5345.94,17746.35
2021-03-02,5453.28,5349.63,5454.97,5305.05,19651.11
2021-03-03,5327.35,5452.21,5452.4,5316.48,19470.91
2021-03-04,5388.48,5280.71,5392.37,5254.78,21277.52
2021-03-05,5191.97,5262.8,5307.82,5174.25,20262.8
2021-03-08,5299.79,5080.02,5326.26,5079.8,23023.16
2021-03-09,5066.15,4971.0,5094.31,4917.91,23071.1
2021-03-10,5047.06,5003.61,5055.28,4981.62,16992.85
2021-03-11,5024.56,5128.22,5138.41,5020.58,18960.08
2021-03-12,5153.67,5146.38,5153.67,5086.82,20102.06
2021-03-15,5116.12,5035.54,5120.88,4992.4,20415.31
2021-03-16,5054.41,5079.36,5084.31,5009.95,16139.01
2021-03-17,5062.77,5100.86,5123.55,5020.13,14916.24
2021-03-18,5114.59,5141.77,5160.46,5111.13,14290.15
2021-03-19,5068.53,5007.09,5089.92,4980.76,16417.48
2021-03-22,5008.4,5057.15,5071.34,4996.54,16740.26
2021-03-23,5057.06,5009.25,5064.02,4966.53,15801.4
2021-03-24,4985.4,4928.69,5024.33,4919.89,15938.6
2021-03-25,4904.07,4926.35,4950.76,4883.66,13294.52
2021-03-26,4953.95,5037.99,5050.83,4953.95,14592.67
2021-03-29,5052.26,5046.88,5086.65,5010.39,14338.82
2021-03-30,5043.1,5094.73,5106.04,5032.8,13861.86
2021-03-31,5085.95,5048.36,5085.95,5015.61,14133.57
2021-04-01,5059.94,5110.78,5115.43,5056.87,12032.49
2021-04-02,5129.85,5161.56,5169.83,5116.35,12700.23
2021-04-06,5178.64,5140.34,5181.15,5125.33,10983.42
2021-04-07,5141.66,5103.74,5141.66,5065.19,14576.37
2021-04-08,5078.26,5112.21,5129.13,5062.07,14177.1
2021-04-09,5100.04,5035.34,5100.04,5022.09,12841.65
2021-04-12,5026.98,4947.75,5045.6,4933.01,15264.43
2021-04-13,4949.81,4939.64,4994.54,4924.2,13291.94
2021-04-14,4945.69,4980.63,4987.12,4940.27,12086.08
2021-04-15,4969.91,4948.97,4969.91,4900.3,10882.94
2021-04-16,4966.9,4966.18,4979.17,4917.96,11123.99
2021-04-19,4966.41,5087.02,5088.21,4940.75,15476.98
2021-04-20,5065.78,5083.37,5119.86,5058.92,13654.17
2021-04-21,5055.24,5098.74,5110.56,5047.99,12463.73
2021-04-22,5114.28,5089.24,5119.22,5067.14,12116.76
2021-04-23,5088.83,5135.45,5149.98,5086.49,12205.7
2021-04-26,5156.59,5077.24,5181.11,5072.96,15138.2
2021-04-27,5076.64,5090.52,5095.98,5042.61,12396.18
2021-04-28,5073.97,5119.24,5119.45,5059.26,12062.03
2021-04-29,5128.28,5164.17,5170.59,5113.65,14009.25
2021-04-30,5156.36,5123.49,5163.25,5094.93,16012.16
2021-05-06,5098.8,5061.12,5132.9,5037.41,15882.26
2021-05-07,5073.46,4996.05,5093.75,4996.04,17225.83
2021-05-10,5001.44,4992.42,5019.39,4953.7,17082.06
2021-05-11,4956.08,5023.06,5033.49,4925.92,15152.65
2021-05-12,5003.82,5044.55,5051.17,4995.4,12661.91
2021-05-13,4992.35,4992.97,5022.08,4975.45,13227.94
2021-05-14,5007.63,5110.59,5112.98,4981.29,15942.62
2021-05-17,5115.31,5184.99,5206.69,5115.31,15388.96
2021-05-18,5190.93,5187.6,5201.67,5156.79,11840.43
2021-05-19,5173.17,5172.27,5193.56,5151.64,11873.0
2021-05-20,5167.05,5186.41,5201.59,5152.04,13845.48
2021-05-21,5199.13,5134.15,5216.16,5123.12,12476.85
2021-05-24,5138.81,5155.59,5155.59,5092.39,12674.23
2021-05-25,5165.04,5318.48,5324.36,5161.52,18299.68
2021-05-26,5326.12,5320.59,5344.28,5308.74,16960.71
2021-05-27,5311.37,5338.23,5378.48,5286.05,14846.29
2021-05-28,5338.73,5321.09,5360.28,5288.65,16460.58
2021-05-31,5318.08,5331.57,5331.63,5281.69,14460.33
2021-06-01,5320.47,5341.68,5343.75,5269.26,14383.15
2021-06-02,5348.34,5289.97,5352.64,5266.79,13775.43
2021-06-03,5285.71,5255.29,5314.37,5255.07,14196.89
2021-06-04,5228.28,5282.28,5334.49,5221.23,14473.21
2021-06-07,5284.89,5277.63,5286.84,5242.95,12770.5
2021-06-08,5276.97,5232.12,5319.04,5201.14,13055.95
2021-06-09,5224.95,5236.45,5253.36,5215.35,12182.03
2021-06-10,5236.47,5271.47,5299.53,5229.52,13899.2
2021-06-11,5275.75,5224.7,5276.1,5213.6,18080.72
2021-06-15,5218.56,5166.56,5225.5,5137.41,14288.01
2021-06-16,5163.25,5080.49,5164.52,5076.02,12514.8
2021-06-17,5074.38,5101.89,5123.37,5073.82,12045.25
2021-06-18,5104.93,5102.47,5128.03,5064.92,14858.58
2021-06-21,5088.09,5090.39,5123.78,5058.57,13218.45
2021-06-22,5106.07,5122.16,5125.82,5086.28,13041.68
2021-06-23,5127.19,5147.39,5171.03,5109.76,13635.61
2021-06-24,5156.56,5155.97,5160.43,5120.58,12668.56
2021-06-25,5159.8,5239.97,5251.61,5157.48,15493.11
2021-06-28,5253.61,5251.76,5260.64,5226.22,13319.38
2021-06-29,5248.52,5190.54,5248.52,5182.68,12516.3
2021-06-30,5189.38,5224.04,5231.43,5186.63,10375.27
2021-07-01,5241.2,5229.66,5252.26,5190.88,12724.06
2021-07-02,5186.66,5081.12,5186.66,5074.36,13042.64
2021-07-05,5073.78,5085.79,5098.23,5048.0,13121.16
2021-07-06,5089.78,5083.1,5092.21,5028.51,14065.52
2021-07-07,5052.42,5140.49,5152.77,5045.41,14854.91
2021-07-08,5149.31,5088.26,5151.22,5078.93,17390.1
2021-07-09,5063.15,5069.44,5081.41,5006.41,16065.32
2021-07-12,5108.38,5132.71,5159.41,5070.32,20621.2
2021-07-13,5128.61,5142.1,5154.05,5114.94,16648.22
2021-07-14,5130.75,5083.08,5130.75,5075.13,18835.27
2021-07-15,5073.26,5151.46,5153.81,5067.68,18107.71
2021-07-16,5140.9,5094.77,5140.9,5090.63,16995.6
2021-07-19,5083.73,5113.49,5120.82,5047.62,15319.96
2021-07-20,5080.22,5108.99,5114.0,5067.86,12930.0
2021-07-21,5122.78,5144.04,5160.54,5122.3,16797.65
2021-07-22,5150.39,5151.75,5171.21,5137.88,18555.69
2021-07-23,5145.43,5089.23,5145.43,5080.0,21653.68
2021-07-26,5067.31,4925.3,5067.31,4859.6,22811.17
2021-07-27,4924.28,4751.31,4940.86,4749.03,23663.12
2021-07-28,4714.29,4760.48,4785.66,4663.9,19263.44
2021-07-29,4845.76,4850.27,4857.97,4800.01,17332.21
2021-07-30,4825.7,4811.17,4825.7,4761.04,18234.98
2021-08-02,4794.82,4933.74,4938.82,4761.46,22719.49
2021-08-03,4909.23,4934.46,4957.03,4890.85,20353.34
2021-08-04,4927.74,4978.85,4979.29,4919.66,17546.65
2021-08-05,4946.17,4948.67,4997.14,4921.94,16738.18
2021-08-06,4943.04,4921.56,4944.35,4891.8,15417.97
2021-08-09,4890.26,4985.56,5002.89,4884.04,18243.69
2021-08-10,4977.82,5043.15,5043.76,4941.24,16705.19
2021-08-11,5037.08,5015.34,5059.79,5009.98,18226.61
2021-08-12,4998.07,4973.35,5016.26,4962.99,16822.37
2021-08-13,4958.76,4945.98,4993.74,4921.28,15831.43
2021-08-16,4935.92,4941.07,4973.38,4931.37,16195.34
2021-08-17,4935.0,4837.4,4967.56,4823.39,18757.35
2021-08-18,4838.47,4894.24,4909.54,4818.9,19747.44
2021-08-19,4886.56,4862.14,4893.47,4839.57,20171.17
2021-08-20,4817.49,4769.27,4835.15,4720.83,17763.58
2021-08-23,4777.73,4835.88,4843.82,4764.01,16757.91
2021-08-24,4844.59,4888.39,4906.2,4842.75,19788.32
2021-08-25,4890.52,4898.16,4899.77,4865.76,18944.8
2021-08-26,4892.2,4801.61,4892.2,4798.7,19761.74
2021-08-27,4794.97,4827.04,4863.47,4793.59,18331.02
2021-08-30,4847.03,4813.27,4849.16,4787.2,21963.58
2021-08-31,4803.09,4805.61,4821.76,4740.75,23511.87
2021-09-01,4804.69,4869.46,4906.4,4763.3,32672.11
2021-09-02,4865.82,4869.41,4892.7,4845.62,26785.8
2021-09-03,4875.07,4843.06,4886.55,4828.7,26809.19
2021-09-06,4841.06,4933.73,4944.45,4837.79,24050.72
2021-09-07,4932.98,4992.83,5005.96,4915.61,24417.85
2021-09-08,4986.8,4972.13,5013.98,4955.89,26461.53
2021-09-09,4952.49,4970.01,4970.15,4929.95,25653.02
2021-09-10,4967.98,5013.52,5042.8,4962.37,28830.44
2021-09-13,5006.77,4991.66,5029.72,4964.96,24991.53
2021-09-14,4989.83,4917.16,5000.98,4907.32,24559.04
2021-09-15,4903.85,4867.32,4903.85,4843.12,18798.47
2021-09-16,4866.79,4807.7,4879.53,4806.14,21675.21
2021-09-17,4797.11,4855.94,4857.96,4786.09,20195.81
2021-09-22,4770.73,4821.77,4830.85,4765.23,19122.04
2021-09-23,4848.22,4853.2,4877.34,4837.56,22815.11
2021-09-24,4845.64,4849.43,4897.06,4838.54,20769.33
2021-09-27,4870.85,4877.37,4922.56,4852.2,21596.7
2021-09-28,4869.08,4883.83,4901.31,4846.63,17689.09
2021-09-29,4846.02,4833.93,4868.07,4799.88,18817.14
2021-09-30,4843.95,4866.38,4876.07,4843.95,14611.39
2021-10-08,4915.73,4929.94,4937.09,4891.62,16896.81
2021-10-11,4941.29,4936.19,4983.73,4930.71,16351.16
2021-10-12,4920.66,4883.84,4925.49,4840.77,16807.93
2021-10-13,4880.14,4940.11,4953.37,4869.83,13114.28
2021-10-14,4934.26,4913.61,4953.92,4903.25,11955.7
2021-10-15,4896.56,4932.11,4939.82,4881.01,14282.2
2021-10-18,4922.51,4874.78,4922.51,4844.94,14124.52
2021-10-19,4869.39,4922.72,4928.14,4868.81,13526.65
2021-10-20,4926.77,4910.18,4944.02,4898.37,14153.32
2021-10-21,4914.74,4928.02,4946.18,4893.85,14889.82
2021-10-22,4934.87,4959.73,4989.89,4934.87,14392.62
2021-10-25,4940.9,4979.52,4981.65,4930.11,14186.15
2021-10-26,4983.24,4963.1,5002.57,4953.48,14088.89
2021-10-27,4949.23,4898.16,4949.23,4884.94,14711.16
2021-10-28,4882.59,4864.14,4898.66,4846.28,15664.95
2021-10-29,4861.27,4908.77,4908.77,4855.76,15988.74
2021-11-01,4878.13,4890.69,4908.21,4858.25,17158.4
2021-11-02,4886.18,4839.85,4911.23,4797.9,18543.77
2021-11-03,4835.81,4821.11,4858.71,4804.37,14276.38
2021-11-04,4841.09,4868.74,4873.94,4834.74,13259.3
2021-11-05,4858.9,4842.35,4889.68,4841.74,14778.94
2021-11-08,4841.15,4848.18,4866.08,4827.69,13739.83
2021-11-09,4858.25,4846.74,4870.79,4818.54,11837.55
2021-11-10,4832.8,4821.19,4832.8,4754.0,13511.82
2021-11-11,4814.77,4898.65,4898.65,4809.11,16048.49
2021-11-12,4902.93,4888.37,4909.08,4875.35,13266.3
2021-11-15,4894.41,4882.38,4906.33,4863.4,12182.31
2021-11-16,4880.9,4883.32,4915.37,4876.5,12725.44
2021-11-17,4883.25,4885.75,4891.52,4864.52,10845.92
2021-11-18,4871.42,4837.62,4871.42,4830.41,11448.06
2021-11-19,4832.06,4890.06,4892.81,4829.57,12719.83
2021-11-22,4895.39,4912.4,4919.0,4893.27,13809.28
2021-11-23,4905.76,4913.35,4927.52,4896.88,15430.44
2021-11-24,4914.03,4916.66,4935.49,4899.61,13715.07
2021-11-25,4917.61,4896.44,4921.33,4891.73,11598.4
2021-11-26,4886.95,4860.13,4886.95,4850.81,12036.9
2021-11-29,4820.01,4851.42,4858.53,4818.71,13362.69
2021-11-30,4857.18,4832.03,4871.25,4810.22,12963.06
2021-12-01,4831.89,4843.85,4844.52,4823.93,12308.68
2021-12-02,4839.91,4856.16,4866.85,4830.32,14808.85
2021-12-03,4856.98,4901.02,4901.02,4853.35,14405.96
2021-12-06,4909.43,4892.62,4943.9,4888.69,17361.57
2021-12-07,4930.83,4922.1,4934.1,4895.22,17905.35
2021-12-08,4934.41,4995.93,4995.93,4915.79,15749.06
2021-12-09,5000.69,5078.69,5114.5,4999.41,22056.88
2021-12-10,5046.27,5055.12,5060.06,5035.81,19369.52
2021-12-13,5090.02,5083.8,5143.84,5079.73,21180.16
2021-12-14,5066.35,5049.7,5075.21,5038.86,15910.78
2021-12-15,5036.28,5005.9,5060.37,5003.78,15052.98
2021-12-16,5006.61,5034.73,5034.73,4987.22,14405.39
2021-12-17,5021.34,4954.76,5022.11,4954.76,14900.54
2021-12-20,4934.97,4880.42,4971.67,4872.68,16967.57
2021-12-21,4876.51,4913.49,4917.8,4872.95,14333.99
2021-12-22,4924.58,4914.45,4936.67,4903.17,13325.67
2021-12-23,4924.29,4948.74,4948.74,4906.75,13955.54
2021-12-24,4953.06,4921.34,4964.91,4905.98,14267.33
2021-12-27,4918.15,4919.32,4939.69,4894.16,12410.1
2021-12-28,4923.69,4955.96,4959.14,4913.6,13045.78
2021-12-29,4958.65,4883.48,4958.65,4883.48,11358.7
2021-12-30,4882.16,4921.51,4940.18,4878.65,12161.72
2021-12-31,4937.46,4940.37,4950.36,4923.14,12131.37
2022-01-04,4957.98,4917.77,4961.45,4874.53,15153.48
2022-01-05,4907.93,4868.12,4916.28,4851.98,17881.61
2022-01-06,4842.16,4818.23,4857.56,4786.43,15766.58
2022-01-07,4824.32,4822.37,4856.65,4818.19,18713.94
2022-01-10,4812.23,4844.05,4844.39,4780.82,15621.17
2022-01-11,4840.01,4797.77,4850.88,4791.89,14692.8
2022-01-12,4818.89,4845.58,4852.73,4810.92,14320.02
2022-01-13,4853.03,4765.92,4853.06,4765.24,14251.97
2022-01-14,4743.91,4726.73,4764.05,4723.94,14686.31
2022-01-17,4728.76,4767.28,4775.24,4726.71,11529.57
2022-01-18,4766.78,4813.35,4826.3,4747.92,15087.08
2022-01-19,4815.81,4780.38,4828.75,4755.93,13392.74
2022-01-20,4778.26,4823.51,4845.0,4777.57,16497.13
2022-01-21,4808.77,4779.31,4818.31,4762.56,13895.26
2022-01-24,4753.94,4786.74,4801.1,4746.45,11446.39
2022-01-25,4761.95,4678.45,4781.39,4678.25,13366.76
2022-01-26,4697.1,4712.31,4718.99,4648.13,10707.08
2022-01-27,4708.1,4619.88,4708.44,4616.03,12126.38
2022-01-28,4641.81,4563.77,4660.52,4559.83,12648.01
2022-02-07,4638.58,4634.09,4672.65,4615.01,14484.97
2022-02-08,4626.44,4608.77,4626.44,4522.47,15583.07
2022-02-09,4608.15,4652.06,4659.46,4595.28,14833.55
2022-02-10,4657.21,4639.86,4657.21,4608.09,15157.67
2022-02-11,4617.87,4601.4,4662.6,4595.88,15597.46
2022-02-14,4579.42,4551.69,4593.63,4530.06,14367.39
2022-02-15,4553.81,4600.1,4601.45,4550.54,11502.56
2022-02-16,4619.85,4617.99,4643.1,4607.22,10725.9
2022-02-17,4616.9,4629.16,4650.16,4606.95,11001.46
2022-02-18,4604.57,4651.24,4651.34,4598.1,10455.02
2022-02-21,4646.05,4634.31,4646.67,4613.3,11251.65
2022-02-22,4601.92,4574.15,4602.07,4550.8,12331.72
2022-02-23,4582.01,4623.05,4625.3,4579.29,12295.29
2022-02-24,4592.07,4529.32,4610.88,4488.48,18440.31
2022-02-25,4564.63,4573.42,4611.86,4561.9,14972.26
2022-02-28,4563.74,4581.65,4581.65,4530.68,13540.7
2022-03-01,4597.86,4619.69,4623.43,4583.92,12313.92
2022-03-02,4594.02,4578.6,4594.02,4558.44,11329.83
2022-03-03,4595.02,4551.63,4599.4,4544.43,13828.59
2022-03-04,4513.36,4496.43,4539.39,4481.49,12726.68
2022-03-07,4462.52,4352.78,4462.52,4338.3,16219.77
2022-03-08,4361.64,4265.39,4383.65,4252.54,16786.33
2022-03-09,4280.98,4226.35,4304.48,4068.19,19423.29
2022-03-10,4326.2,4292.84,4335.67,4288.51,14526.64
2022-03-11,4231.2,4306.52,4316.04,4176.45,15239.99
2022-03-14,4248.15,4174.76,4280.36,4174.76,13018.72
2022-03-15,4125.49,3983.81,4163.42,3983.81,20252.47
2022-03-16,4053.1,4156.08,4168.59,3942.86,19602.2
2022-03-17,4237.67,4237.7,4302.74,4217.8,17940.73
2022-03-18,4218.47,4265.9,4283.37,4194.94,14945.83
2022-03-21,4280.14,4258.75,4287.82,4223.02,12703.64
2022-03-22,4252.57,4255.3,4283.33,4236.69,12638.25
2022-03-23,4269.61,4276.52,4287.58,4241.96,11708.91
2022-03-24,4249.53,4251.31,4273.96,4216.85,10891.83
2022-03-25,4249.07,4174.57,4254.84,4173.93,10880.8
2022-03-28,4128.84,4148.47,4174.12,4091.3,11844.9
2022-03-29,4155.42,4134.14,4177.21,4124.72,10026.7
2022-03-30,4162.17,4254.1,4254.1,4160.74,13834.6
2022-03-31,4234.72,4222.6,4247.36,4214.54,13402.92
2022-04-01,4198.82,4276.16,4290.67,4190.08,13380.31
2022-04-06,4258.83,4263.84,4277.52,4236.73,15906.22
2022-04-07,4240.02,4209.1,4278.11,4205.74,13488.04
2022-04-08,4213.21,4230.77,4237.81,4175.53,14284.38
2022-04-11,4203.79,4100.07,4203.79,4089.09,14819.71
2022-04-12,4102.97,4179.97,4179.97,4075.8,14428.57
2022-04-13,4154.41,4139.74,4194.04,4139.74,12509.75
2022-04-14,4172.64,4191.57,4217.06,4155.55,12479.13
2022-04-15,4162.37,4188.75,4211.32,4152.97,12476.23
2022-04-18,4152.93,4166.38,4171.74,4119.99,11750.46
2022-04-19,4161.93,4134.9,4186.94,4115.42,11021.75
2022-04-20,4130.54,4070.79,4136.17,4060.5,11733.17
2022-04-21,4048.73,3995.83,4086.44,3978.37,13278.38
2022-04-22,3967.2,4013.25,4037.08,3953.72,12210.18
2022-04-25,3933.45,3814.91,3958.21,3814.91,16836.45
2022-04-26,3822.49,3784.12,3871.85,3773.9,15757.76
2022-04-27,3758.08,3895.54,3895.73,3757.09,17273.4
2022-04-28,3883.42,3921.11,3943.43,3873.58,15305.66
2022-04-29,3939.62,4016.24,4017.43,3898.57,17945.84
2022-05-05,3995.35,4010.21,4039.7,3988.93,15417.07
2022-05-06,3928.85,3908.82,3947.24,3902.05,12300.56
2022-05-09,3883.95,3877.44,3914.11,3854.94,9293.67
2022-05-10,3820.63,3919.87,3932.68,3808.57,13641.69
2022-05-11,3917.93,3976.42,4033.3,3916.52,16563.23
2022-05-12,3949.95,3958.74,3985.93,3935.59,11337.61
2022-05-13,3983.82,3988.6,4003.85,3957.14,10996.84
2022-05-16,4015.0,3956.54,4018.03,3947.75,11242.53
2022-05-17,3961.76,4005.89,4005.89,3955.1,10966.15
2022-05-18,4015.01,3991.91,4017.34,3964.75,10807.42
2022-05-19,3938.3,3999.6,3999.6,3933.75,11629.34
2022-05-20,4020.82,4077.6,4077.6,4020.82,14706.92
2022-05-23,4080.97,4053.98,4080.97,4029.08,13047.78
2022-05-24,4052.87,3959.15,4055.78,3959.15,14555.43
2022-05-25,3959.77,3983.18,3983.62,3946.81,10773.4
2022-05-26,3987.68,3993.04,4015.75,3938.24,12626.37
2022-05-27,4022.71,4001.3,4051.14,3983.38,11276.93
2022-05-30,4020.86,4029.02,4040.82,4003.38,11115.22
2022-05-31,4031.76,4091.52,4096.2,4020.38,13541.55
2022-06-01,4086.62,4083.18,4094.9,4058.85,11485.09
2022-06-02,4064.0,4089.57,4091.15,4057.91,11389.36
2022-06-06,4090.53,4166.09,4166.62,4063.91,16787.1
2022-06-07,4165.69,4179.13,4198.09,4155.17,14299.29
2022-06-08,4187.15,4219.81,4224.81,4158.03,15737.41
2022-06-09,4211.72,4175.67,4227.45,4160.88,16844.92
2022-06-10,4145.65,4238.99,4241.35,4140.22,18479.62
2022-06-13,4194.46,4189.35,4218.23,4156.71,16847.56
2022-06-14,4143.22,4222.31,4224.09,4102.93,17138.59
2022-06-15,4228.29,4278.22,4348.42,4228.29,25704.66
2022-06-16,4282.08,4250.06,4302.92,4241.08,18407.44
2022-06-17,4219.23,4309.04,4318.77,4218.68,15864.91
2022-06-20,4322.83,4330.43,4368.36,4297.89,16566.64
2022-06-21,4327.92,4325.57,4357.34,4287.14,16466.76
2022-06-22,4331.9,4270.62,4333.18,4269.25,15856.59
2022-06-23,4277.96,4343.88,4343.88,4260.9,17088.24
2022-06-24,4354.55,4394.77,4400.69,4346.12,16897.22
2022-06-27,4414.33,4444.26,4472.69,4414.33,17738.57
2022-06-28,4442.58,4490.52,4497.89,4407.35,17475.65
2022-06-29,4472.73,4421.36,4503.13,4414.0,18727.67
2022-06-30,4418.07,4485.01,4515.0,4418.07,15666.63
2022-07-01,4489.52,4466.72,4500.99,4449.29,14477.96
2022-07-04,4447.22,4496.03,4496.03,4427.82,14634.57
2022-07-05,4505.46,4489.54,4530.32,4439.45,15496.24
2022-07-06,4475.48,4423.97,4484.36,4393.42,14980.02
2022-07-07,4425.28,4443.47,4457.34,4391.19,13266.09
2022-07-08,4468.06,4428.78,4479.49,4426.89,12319.57
2022-07-11,4406.15,4354.62,4406.15,4330.58,13444.86
2022-07-12,4352.65,4313.62,4370.34,4296.62,13018.78
2022-07-13,4313.36,4321.46,4341.47,4284.94,13111.32
2022-07-14,4308.82,4322.07,4352.1,4292.76,14525.09
2022-07-15,4299.47,4248.53,4344.86,4248.53,15021.45
2022-07-18,4262.15,4292.59,4300.78,4217.51,12260.12
2022-07-19,4288.44,4269.34,4288.44,4238.82,10380.57
2022-07-20,4291.28,4283.8,4303.37,4269.97,9449.01
2022-07-21,4270.36,4236.06,4283.15,4236.05,11715.63
2022-07-22,4251.79,4238.23,4275.47,4207.31,10384.06
2022-07-25,4233.93,4212.64,4234.84,4201.92,8363.67
2022-07-26,4220.09,4245.98,4259.99,4214.53,8582.33
2022-07-27,4236.15,4225.04,4242.1,4217.28,7890.49
2022-07-28,4242.27,4225.67,4267.92,4223.03,10753.19
2022-07-29,4226.42,4170.1,4243.51,4160.87,11417.93
2022-08-01,4160.65,4188.68,4196.57,4129.45,10774.9
2022-08-02,4144.38,4107.02,4144.38,4071.43,14222.44
2022-08-03,4114.83,4066.98,4150.98,4058.18,11666.61
2022-08-04,4089.44,4101.54,4108.16,4064.66,8953.26
2022-08-05,4109.63,4156.91,4159.49,4097.86,10257.1
2022-08-08,4142.11,4148.07,4155.73,4135.08,9020.81
2022-08-09,4143.67,4156.29,4161.81,4131.43,8413.7
2022-08-10,4149.21,4109.74,4160.79,4092.55,8556.58
2022-08-11,4130.74,4193.54,4193.81,4116.06,12138.51
2022-08-12,4185.42,4191.15,4202.47,4175.05,10680.83
2022-08-15,4180.0,4185.68,4219.92,4174.3,10589.85
2022-08-16,4190.53,4177.84,4208.8,4170.52,9390.61
2022-08-17,4182.57,4216.96,4222.79,4155.17,11286.47
2022-08-18,4205.79,4180.1,4211.91,4173.54,10105.27
2022-08-19,4174.55,4151.07,4185.66,4151.07,11740.3
2022-08-22,4135.16,4181.4,4183.65,4134.2,11244.27
2022-08-23,4175.53,4161.08,4187.39,4147.41,10315.35
2022-08-24,4168.58,4082.42,4174.16,4079.09,11906.97
2022-08-25,4093.29,4116.24,4119.62,4058.75,11132.07
2022-08-26,4127.81,4107.55,4139.79,4102.68,9900.05
2022-08-29,4063.88,4089.52,4092.95,4059.6,9435.44
2022-08-30,4088.53,4075.79,4093.14,4048.52,9330.17
2022-08-31,4057.14,4078.84,4112.85,4046.62,13244.98
2022-09-01,4066.19,4043.74,4090.89,4041.13,9738.71
2022-09-02,4054.84,4023.61,4056.18,4004.91,8678.93
2022-09-05,4010.41,4015.43,4017.0,3982.74,9376.71
2022-09-06,4024.47,4052.28,4054.0,4009.58,11350.63
2022-09-07,4032.72,4054.98,4067.54,4028.37,10767.81
2022-09-08,4059.17,4037.68,4067.76,4036.02,10088.6
2022-09-09,4050.59,4093.79,4099.01,4042.25,11842.71
2022-09-13,4112.01,4111.11,4128.11,4097.14,11178.97
2022-09-14,4058.04,4065.36,4089.06,4047.92,9079.37
2022-09-15,4078.65,4027.12,4088.81,3998.86,12395.12
2022-09-16,4013.58,3932.68,4019.41,3932.68,13719.37
2022-09-19,3928.42,3928.0,3953.65,3910.31,9771.96
2022-09-20,3945.65,3932.84,3957.55,3921.69,8482.41
2022-09-21,3921.32,3903.73,3924.39,3884.23,8645.84
2022-09-22,3875.18,3869.34,3900.27,3860.23,8094.69
2022-09-23,3865.1,3856.02,3888.4,3829.69,9434.25
2022-09-26,3829.6,3836.68,3893.32,3827.95,10452.6
2022-09-27,3844.07,3892.3,3893.03,3827.93,8886.02
2022-09-28,3879.44,3828.71,3879.44,3828.05,8659.22
2022-09-29,3864.32,3827.14,3873.18,3808.65,8565.41
2022-09-30,3833.35,3804.89,3848.6,3801.28,7856.0
2022-10-10,3806.56,3720.94,3807.46,3715.71,10264.76
2022-10-11,3732.02,3727.69,3739.81,3706.06,8394.46
2022-10-12,3722.87,3784.31,3784.31,3661.53,10808.93
2022-10-13,3756.42,3752.67,3783.6,3749.64,9901.89
2022-10-14,3783.32,3842.47,3863.23,3780.84,11624.23
2022-10-17,3822.24,3846.41,3849.62,3809.12,10419.2
2022-10-18,3865.83,3838.27,3870.22,3831.17,8834.69
2022-10-19,3827.47,3776.53,3840.49,3776.53,8157.48
2022-10-20,3746.58,3754.93,3804.25,3726.79,9029.09
2022-10-21,3753.89,3742.89,3768.69,3724.69,9875.0
2022-10-24,3727.92,3633.37,3762.16,3619.99,13005.69
2022-10-25,3621.94,3627.45,3670.73,3594.7,11095.39
2022-10-26,3633.31,3656.9,3700.88,3633.31,12130.15
2022-10-27,3667.66,3631.14,3685.08,3631.06,11799.87
2022-10-28,3605.16,3541.33,3618.86,3533.5,11877.22
2022-10-31,3504.51,3508.7,3553.39,3495.95,13846.57
2022-11-01,3519.82,3634.17,3634.17,3517.62,14928.67
2022-11-02,3620.37,3677.81,3703.47,3610.8,14159.29
2022-11-03,3645.06,3647.9,3670.16,3628.5,11056.6
2022-11-04,3646.77,3767.17,3782.88,3646.77,14973.49
2022-11-07,3754.52,3775.3,3792.79,3746.37,12982.64
2022-11-08,3773.66,3749.33,3779.12,3723.34,9901.65
2022-11-09,3750.78,3714.27,3760.41,3711.27,8943.45
2022-11-10,3685.83,3685.69,3701.53,3665.06,10350.93
2022-11-11,3787.76,3788.44,3828.9,3747.09,18968.56
2022-11-14,3818.14,3794.02,3848.41,3781.78,16966.5
2022-11-15,3788.93,3865.97,3871.64,3775.5,15151.57
2022-11-16,3860.81,3834.39,3877.68,3829.31,12061.1
2022-11-17,3821.27,3818.66,3821.74,3776.57,10594.06
2022-11-18,3823.82,3801.57,3840.3,3801.57,11507.88
2022-11-21,3769.63,3769.13,3769.87,3734.0,9586.7
2022-11-22,3766.08,3769.57,3809.86,3751.04,14448.63
2022-11-23,3760.22,3773.53,3791.18,3753.21,14452.79
2022-11-24,3791.54,3756.81,3804.9,3751.38,10107.34
2022-11-25,3751.28,3775.78,3790.57,3743.41,14292.97
2022-11-28,3701.9,3733.24,3736.08,3672.13,12782.57
2022-11-29,3766.57,3848.42,3854.77,3766.57,17870.14
2022-11-30,3836.56,3853.04,3867.66,3833.83,15751.14
2022-12-01,3921.3,3894.77,3944.56,3893.87,16996.46
2022-12-02,3886.4,3870.95,3898.11,3865.88,11678.64
2022-12-05,3907.64,3946.88,3947.48,3900.67,20174.72
2022-12-06,3929.01,3968.2,3988.9,3923.0,15510.83
2022-12-07,3956.67,3958.44,3999.59,3944.18,14300.14
2022-12-08,3953.2,3959.18,3971.49,3941.3,11520.0
2022-12-09,3961.99,3998.24,4003.32,3944.44,15377.5
2022-12-12,3976.17,3953.44,3983.43,3950.32,12593.54
2022-12-13,3953.55,3945.68,3964.4,3939.98,10099.41
2022-12-14,3952.79,3954.89,3972.74,3935.77,9852.8
2022-12-15,3954.67,3951.99,3963.5,3926.5,8886.47
2022-12-16,3931.23,3954.23,3960.47,3929.49,9317.86
2022-12-19,3952.77,3893.22,3966.57,3878.44,10691.91
2022-12-20,3881.23,3829.02,3881.27,3811.48,8309.68
2022-12-21,3839.0,3830.54,3853.73,3821.4,6483.92
2022-12-22,3859.2,3836.03,3882.13,3821.34,8370.52
2022-12-23,3811.62,3828.22,3848.34,3805.95,6527.81
2022-12-26,3830.57,3843.49,3856.81,3827.52,7300.57
2022-12-27,3860.91,3887.85,3891.85,3856.58,7751.54
2022-12-28,3874.91,3871.26,3884.72,3854.94,8442.47
2022-12-29,3854.24,3856.7,3868.29,3838.48,7939.48
2022-12-30,3873.94,3871.63,3887.55,3868.76,7877.33
2023-01-03,3864.84,3887.9,3893.99,3831.25,11505.19
2023-01-04,3886.25,3892.95,3905.9,3873.65,11066.07
2023-01-05,3913.49,3968.58,3974.88,3912.26,11650.24
2023-01-06,3969.55,3980.89,4000.41,3966.47,11095.3
2023-01-09,3998.53,4013.12,4023.09,3990.71,11705.44
2023-01-10,4014.71,4017.47,4030.46,4002.23,10175.11
2023-01-11,4019.88,4010.03,4043.4,4008.02,9999.79
2023-01-12,4021.75,4017.87,4030.29,4003.51,9055.26
2023-01-13,4032.29,4074.38,4074.38,4027.89,9587.19
2023-01-16,4077.88,4137.96,4177.1,4076.64,15139.55
2023-01-17,4138.84,4137.24,4148.58,4118.16,9547.9
2023-01-18,4140.1,4130.31,4151.46,4125.77,8420.06
2023-01-19,4125.58,4156.01,4156.01,4105.98,9460.84
2023-01-20,4166.84,4181.53,4189.83,4161.67,12355.38
2023-01-30,4267.62,4201.35,4268.15,4197.86,16460.71
2023-01-31,4200.58,4156.86,4212.73,4153.05,12455.08
2023-02-01,4170.13,4195.93,4195.93,4137.77,14100.9
2023-02-02,4207.41,4181.15,4207.41,4170.56,13382.37
2023-02-03,4162.03,4141.63,4162.03,4103.17,11704.12
2023-02-06,4103.83,4086.88,4105.94,4065.22,11019.27
2023-02-07,4098.31,4094.23,4107.34,4077.96,9136.01
2023-02-08,4099.86,4076.14,4111.47,4072.65,8478.61
2023-02-09,4067.56,4130.86,4130.86,4064.75,10229.0
2023-02-10,4124.1,4106.31,4125.29,4092.35,9671.67
2023-02-13,4098.88,4143.57,4146.45,4092.27,12889.26
2023-02-14,4151.25,4145.29,4152.05,4125.26,10249.99
2023-02-15,4146.85,4123.69,4153.72,4115.97,12166.45
2023-02-16,4125.41,4093.49,4167.9,4068.86,15931.06
2023-02-17,4086.22,4034.51,4104.64,4032.93,11614.26
2023-02-20,4039.96,4133.49,4134.86,4035.48,16179.45
2023-02-21,4130.06,4144.35,4151.8,4116.27,14577.62
2023-02-22,4118.97,4106.95,4134.88,4101.86,10429.03
2023-02-23,4106.21,4103.65,4132.39,4088.21,10356.49
2023-02-24,4100.99,4061.05,4102.61,4048.24,10098.94
2023-02-27,4040.46,4043.84,4067.03,4034.52,9378.76
2023-02-28,4058.13,4069.46,4074.26,4026.45,11032.36
2023-03-01,4068.73,4126.94,4135.48,4061.22,15601.58
2023-03-02,4119.99,4117.74,4137.25,4113.83,14821.76
2023-03-03,4126.02,4130.55,4135.21,4100.38,16033.17
2023-03-06,4131.15,4109.01,4132.84,4088.45,16297.18
2023-03-07,4103.64,4048.85,4124.96,4046.57,19591.21
2023-03-08,4030.74,4034.11,4037.29,4011.52,11793.65
2023-03-09,4035.84,4019.85,4043.85,4000.89,11653.96
2023-03-10,3991.8,3967.14,4004.36,3966.43,12385.54
2023-03-13,3962.64,4008.69,4008.69,3962.64,14356.14
2023-03-14,3999.88,3984.7,4001.94,3946.94,15054.42
2023-03-15,4011.84,3986.9,4018.75,3986.9,14202.6
2023-03-16,3958.2,3939.15,3981.32,3936.48,15251.56
2023-03-17,3971.16,3958.82,4004.22,3945.25,17743.38
2023-03-20,3962.66,3939.08,3979.55,3935.02,20526.5
2023-03-21,3948.16,3982.38,3982.7,3948.16,14509.07
2023-03-22,3993.78,3999.44,4016.45,3986.71,14922.9
2023-03-23,3985.99,4039.09,4039.09,3984.0,15888.74
2023-03-24,4035.16,4027.05,4037.84,4017.0,15944.23
2023-03-27,4023.3,4012.48,4023.3,3987.03,16848.23
2023-03-28,4015.7,3999.51,4023.78,3994.6,13189.51
2023-03-29,4013.59,4006.14,4017.76,3992.67,13374.35
2023-03-30,4009.56,4038.53,4040.5,3983.9,14990.1
2023-03-31,4045.45,4050.93,4063.57,4039.96,13884.25
2023-04-03,4059.62,4090.57,4094.94,4059.06,18212.43
2023-04-04,4089.29,4103.11,4103.16,4080.07,19714.66
2023-04-06,4084.13,4096.64,4098.83,4078.4,15070.34
2023-04-07,4096.9,4123.28,4131.31,4092.18,12867.67
2023-04-10,4132.01,4104.81,4132.3,4099.05,15245.3
2023-04-11,4108.51,4100.15,4116.12,4083.49,15390.13
2023-04-12,4102.4,4097.29,4108.25,4090.28,16596.53
2023-04-13,4081.39,4068.98,4088.88,4059.57,15644.43
2023-04-14,4078.97,4092.0,4098.22,4075.2,15069.57
2023-04-17,4090.07,4149.38,4149.38,4089.51,18877.31
2023-04-18,4139.31,4162.03,4169.67,4138.46,17018.41
2023-04-19,4159.39,4124.56,4159.39,4118.63,16255.46
2023-04-20,4122.95,4113.02,4125.82,4094.0,16270.67
2023-04-21,4114.26,4032.57,4114.26,4031.91,18080.24
2023-04-24,4031.3,3982.64,4033.64,3967.91,17009.92
2023-04-25,3985.11,3962.67,3991.69,3925.44,17255.54
2023-04-26,3950.26,3959.23,3975.66,3934.66,16270.2
2023-04-27,3948.03,3988.42,3999.13,3942.82,15382.82
2023-04-28,3993.26,4029.09,4030.45,3993.26,17950.85
2023-05-04,4013.47,4030.25,4035.78,4001.13,22758.28
2023-05-05,4031.09,4016.88,4047.6,3998.39,20662.69
2023-05-08,4028.11,4062.66,4070.77,4018.96,25558.31
2023-05-09,4065.44,4027.88,4092.85,4026.39,27930.6
2023-05-10,4017.94,3996.87,4019.06,3984.63,20755.27
2023-05-11,4005.78,3990.66,4018.06,3988.48,14480.46
2023-05-12,3987.77,3937.76,3999.38,3937.53,14442.17
2023-05-15,3938.83,3998.89,3998.89,3923.03,17625.74
2023-05-16,4002.52,3978.21,4005.02,3966.99,13683.33
2023-05-17,3971.7,3960.17,3982.6,3945.71,11844.82
2023-05-18,3965.52,3956.07,3982.72,3939.55,13653.39
2023-05-19,3946.22,3944.54,3967.28,3928.32,12021.25
2023-05-22,3941.0,3969.33,3985.4,3935.8,10911.66
2023-05-23,3968.23,3913.19,3971.94,3913.19,11868.51
2023-05-24,3903.78,3859.09,3903.78,3859.09,13725.83
2023-05-25,3851.41,3850.5,3861.38,3817.84,12415.08
2023-05-26,3848.42,3850.95,3859.63,3815.57,10032.64
2023-05-29,3862.08,3833.94,3866.72,3819.18,13186.0
2023-05-30,3827.79,3837.75,3844.01,3789.27,13761.96
2023-05-31,3827.16,3798.54,3827.16,3781.4,12638.74
2023-06-01,3788.59,3806.87,3832.21,3786.73,13456.19
2023-06-02,3821.62,3861.83,3865.28,3821.62,12501.51
2023-06-05,3860.56,3844.25,3860.56,3832.46,11616.4
2023-06-06,3840.46,3808.16,3867.85,3802.84,12578.13
2023-06-07,3815.48,3789.34,3823.11,3780.1,9886.24
2023-06-08,3791.08,3820.19,3834.39,3777.78,11870.09
2023-06-09,3822.41,3836.7,3836.7,3811.22,13431.99
2023-06-12,3827.33,3844.43,3859.72,3813.86,12675.85
2023-06-13,3838.13,3864.91,3867.3,3833.46,11092.49
2023-06-14,3872.72,3864.02,3891.67,3862.06,12495.58
2023-06-15,3871.77,3925.5,3925.5,3871.77,12836.99
2023-06-16,3932.21,3963.35,3968.01,3928.54,13976.01
2023-06-19,3957.03,3930.91,3957.03,3922.47,13490.58
2023-06-20,3926.09,3924.24,3937.49,3918.47,12252.03
2023-06-21,3909.1,3864.03,3920.13,3864.03,11834.66
2023-06-26,3833.44,3809.7,3841.29,3801.05,13399.04
2023-06-27,3811.69,3845.43,3851.9,3806.32,11699.27
2023-06-28,3836.61,3840.8,3846.85,3808.16,10702.15
2023-06-29,3836.73,3821.84,3840.71,3817.38,9828.93
2023-06-30,3816.33,3842.45,3860.03,3813.55,10126.84
2023-07-03,3853.29,3892.88,3897.33,3853.29,13315.81
2023-07-04,3888.03,3899.01,3899.98,3878.4,10949.45
2023-07-05,3895.19,3868.81,3899.52,3864.13,9763.64
2023-07-06,3857.03,3842.75,3876.89,3836.46,10012.18
2023-07-07,3831.6,3825.7,3844.84,3819.08,10090.69
2023-07-10,3841.56,3844.33,3865.46,3831.92,9203.34
2023-07-11,3853.8,3869.49,3870.65,3844.52,8651.07
2023-07-12,3864.6,3843.44,3874.04,3838.56,11152.2
2023-07-13,3855.66,3898.42,3901.1,3855.66,12030.02
2023-07-14,3904.6,3899.1,3908.49,3893.79,12236.48
2023-07-17,3881.62,3867.17,3881.62,3852.26,9834.01
2023-07-18,3871.04,3854.94,3871.04,3844.51,9143.86
2023-07-19,3848.48,3850.87,3860.01,3830.41,7958.57
2023-07-20,3857.77,3823.69,3875.62,3818.71,9204.21
2023-07-21,3816.98,3821.91,3849.51,3808.8,7950.76
2023-07-24,3803.35,3805.22,3828.79,3798.8,7548.35
2023-07-25,3866.64,3915.12,3915.81,3866.64,16306.63
2023-07-26,3908.17,3907.01,3912.98,3893.4,10788.17
2023-07-27,3914.23,3902.35,3935.36,3894.69,11066.71
2023-07-28,3889.79,3992.74,4000.92,3886.55,17973.55
2023-07-31,4018.89,4014.63,4064.36,4002.08,19960.68
2023-08-01,4009.18,3998.0,4031.7,3983.03,14228.69
2023-08-02,3985.7,3969.9,4008.33,3958.51,12585.57
2023-08-03,3962.13,4004.98,4005.0,3962.13,12900.66
2023-08-04,4033.72,4020.58,4058.24,4011.62,17826.72
2023-08-07,4002.97,3990.15,4002.97,3977.02,12131.07
2023-08-08,3980.04,3979.73,4002.29,3963.46,10987.17
2023-08-09,3967.36,3967.57,3982.11,3961.84,9464.03
2023-08-10,3962.86,3975.72,3976.46,3945.39,9717.68
2023-08-11,3977.98,3884.25,3977.98,3884.25,12608.29
2023-08-14,3840.89,3855.91,3859.47,3814.07,11596.63
2023-08-15,3858.37,3846.54,3865.28,3811.68,10309.71
2023-08-16,3830.83,3818.33,3852.42,3817.63,9461.69
2023-08-17,3801.2,3831.1,3836.15,3782.5,9841.55
2023-08-18,3832.46,3784.0,3844.2,3784.0,9554.96
2023-08-21,3773.23,3729.56,3782.11,3729.56,9870.84
2023-08-22,3748.07,3758.23,3770.06,3704.68,12031.83
2023-08-23,3751.77,3696.63,3756.17,3695.03,9708.16
2023-08-24,3711.54,3723.43,3748.86,3701.57,11961.45
2023-08-25,3703.51,3709.15,3734.22,3695.84,10518.26
2023-08-28,3911.55,3752.62,3911.55,3740.53,19799.04
2023-08-29,3743.05,3790.11,3810.38,3742.08,15248.61
2023-08-30,3803.12,3788.51,3813.7,3780.24,12967.17
2023-08-31,3786.93,3765.27,3794.0,3762.0,11896.16
2023-09-01,3778.91,3791.49,3808.53,3778.91,10531.9
2023-09-04,3812.99,3848.95,3854.26,3804.59,14238.52
2023-09-05,3839.58,3820.32,3839.58,3814.33,10405.23
2023-09-06,3808.1,3812.03,3817.52,3790.89,9344.24
2023-09-07,3802.23,3758.47,3802.23,3756.85,9510.39
2023-09-08,3747.65,3739.99,3753.26,3724.99,7163.82
2023-09-11,3740.58,3767.54,3788.32,3734.72,10535.8
2023-09-12,3764.33,3760.6,3775.09,3755.42,7938.54
2023-09-13,3759.61,3736.65,3768.82,3719.11,8157.69
2023-09-14,3736.94,3733.51,3748.82,3717.31,10038.61
2023-09-15,3740.79,3708.78,3749.02,3699.38,10939.57
2023-09-18,3698.93,3727.71,3737.53,3691.11,8672.77
2023-09-19,3723.42,3720.5,3724.07,3702.69,8319.9
2023-09-20,3715.96,3705.69,3718.52,3705.13,7544.82
2023-09-21,3698.31,3672.44,3708.46,3672.44,8303.1
2023-09-22,3672.64,3738.93,3740.42,3664.77,11023.12
2023-09-25,3738.06,3714.6,3738.06,3711.2,9259.65
2023-09-26,3711.71,3692.89,3723.85,3692.62,7804.45
2023-09-27,3694.96,3700.5,3731.14,3694.39,9162.92
2023-09-28,3711.21,3689.52,3716.06,3685.3,8522.17
2023-10-09,3678.93,3684.73,3694.17,3642.0,10214.81
2023-10-10,3696.25,3657.13,3701.26,3655.59,9916.37
2023-10-11,3674.75,3667.55,3689.53,3658.36,10209.16
2023-10-12,3697.93,3702.38,3711.5,3682.84,11436.32
2023-10-13,3677.96,3663.41,3678.19,3652.31,9828.8
2023-10-16,3664.04,3626.6,3664.04,3615.77,9185.31
2023-10-17,3635.3,3639.4,3645.57,3619.13,9074.52
2023-10-18,3631.07,3610.58,3632.06,3608.98,9454.59
2023-10-19,3588.52,3533.54,3588.52,3532.31,11173.75
2023-10-20,3518.35,3510.59,3535.66,3501.73,9851.86
2023-10-23,3500.2,3474.24,3505.35,3450.65,9656.17
2023-10-24,3481.76,3487.13,3495.0,3453.1,11554.73
2023-10-25,3524.3,3504.46,3531.83,3500.92,12800.96
2023-10-26,3484.78,3514.14,3515.57,3478.05,10514.36
2023-10-27,3501.17,3562.39,3576.59,3494.55,12022.51
2023-10-30,3554.11,3583.77,3592.72,3554.02,14401.04
2023-10-31,3581.68,3572.51,3581.68,3554.58,11258.73
2023-11-01,3605.76,3571.03,3606.41,3564.64,9764.55
2023-11-02,3580.07,3554.19,3597.17,3553.74,9035.96
2023-11-03,3558.53,3584.14,3596.1,3558.53,9754.21
2023-11-06,3608.32,3632.61,3635.79,3600.63,15298.25
2023-11-07,3623.78,3619.76,3628.46,3606.3,11028.86
2023-11-08,3610.64,3611.07,3627.05,3591.82,11059.42
2023-11-09,3603.11,3612.83,3624.41,3601.37,11187.21
2023-11-10,3596.07,3586.49,3599.45,3576.1,10210.7
2023-11-13,3593.91,3579.41,3599.39,3562.77,9670.76
2023-11-14,3581.1,3582.06,3600.15,3568.88,10088.42
2023-11-15,3616.88,3607.25,3620.6,3596.92,10492.92
2023-11-16,3600.98,3572.36,3605.29,3572.36,8746.48
2023-11-17,3561.31,3568.07,3573.68,3547.03,8731.92
2023-11-20,3569.73,3576.32,3586.97,3545.1,9108.04
2023-11-21,3587.88,3581.07,3615.06,3575.68,10859.43
2023-11-22,3569.44,3544.42,3574.38,3544.42,8478.44
2023-11-23,3541.44,3561.52,3562.07,3529.94,8480.02
2023-11-24,3560.65,3538.01,3560.65,3534.0,8501.84
2023-11-27,3534.44,3511.94,3534.44,3492.86,9910.23
2023-11-28,3510.66,3518.52,3521.05,3501.11,8933.58
2023-11-29,3518.88,3488.31,3519.2,3482.24,9884.14
2023-11-30,3485.52,3496.2,3505.13,3481.45,10135.08
2023-12-01,3494.22,3482.88,3494.22,3452.17,10853.09
2023-12-04,3481.04,3460.14,3488.13,3459.61,9715.68
2023-12-05,3450.09,3394.26,3450.09,3393.81,10047.2
2023-12-06,3387.88,3399.6,3420.28,3382.95,10580.55
2023-12-07,3394.31,3391.28,3404.41,3369.77,9771.32
2023-12-08,3391.86,3399.46,3409.38,3383.45,12952.21
2023-12-11,3378.05,3419.45,3426.61,3346.89,13962.62
2023-12-12,3410.0,3426.8,3427.55,3406.1,10559.0
2023-12-13,3418.64,3369.61,3418.64,3369.61,9528.54
2023-12-14,3387.38,3351.96,3399.14,3350.76,8365.51
2023-12-15,3365.94,3341.55,3388.5,3339.52,9778.78
2023-12-18,3329.19,3329.37,3352.35,3314.91,9052.68
2023-12-19,3325.66,3334.04,3345.78,3313.19,8380.81
2023-12-20,3334.33,3297.5,3338.54,3297.37,9241.29
2023-12-21,3285.6,3330.87,3339.36,3283.99,10254.62
2023-12-22,3329.47,3337.23,3359.06,3315.9,10522.01
2023-12-25,3330.33,3347.45,3348.88,3330.33,7454.27
2023-12-26,3345.4,3324.79,3345.42,3315.94,7473.29
2023-12-27,3326.93,3336.36,3341.27,3309.67,9440.39
2023-12-28,3335.56,3414.54,3423.4,3331.21,14806.49
2023-12-29,3411.11,3431.11,3432.54,3409.58,11492.89
2024-01-02,3426.27,3386.35,3426.27,3386.35,11618.07
2024-01-03,3379.75,3378.3,3392.85,3362.66,10561.39
2024-01-04,3375.02,3347.05,3375.02,3323.86,10672.1
2024-01-05,3341.31,3329.11,3372.54,3313.55,12640.06
2024-01-08,3322.61,3286.06,3333.52,3283.34,11742.95
2024-01-09,3286.71,3292.5,3304.6,3273.84,10933.05
2024-01-10,3281.67,3277.13,3312.92,3268.25,9419.94
2024-01-11,3275.31,3295.67,3311.11,3266.79,10878.97
2024-01-12,3284.36,3284.17,3310.47,3279.7,9685.36
2024-01-15,3270.1,3280.92,3306.92,3261.27,8885.15
2024-01-16,3272.57,3300.88,3300.88,3260.44,11327.67
2024-01-17,3291.14,3229.08,3291.14,3229.08,10876.97
2024-01-18,3214.28,3274.73,3279.25,3171.63,17490.92
2024-01-19,3261.24,3269.78,3286.94,3251.81,11850.14
2024-01-22,3262.47,3218.9,3281.42,3193.18,14870.56
2024-01-23,3208.43,3231.93,3249.53,3188.13,12201.2
2024-01-24,3245.96,3277.11,3281.49,3190.47,15437.2
2024-01-25,3274.34,3342.92,3344.24,3269.79,19683.36
2024-01-26,3326.65,3333.82,3351.97,3315.13,18066.4
2024-01-29,3335.39,3303.96,3351.37,3303.96,18416.48
2024-01-30,3283.9,3245.04,3300.2,3244.97,14364.94
2024-01-31,3231.54,3215.35,3252.15,3201.93,15314.35
2024-02-01,3202.26,3217.71,3251.76,3191.9,14551.68
2024-02-02,3219.87,3179.63,3235.41,3108.35,17375.81
2024-02-05,3164.25,3200.42,3233.85,3111.52,20304.3
2024-02-06,3185.25,3311.69,3314.51,3182.82,20271.31
2024-02-07,3314.03,3343.63,3343.63,3289.67,21664.79
2024-02-08,3351.41,3364.93,3367.21,3336.98,18997.76
2024-02-19,3393.19,3403.81,3403.81,3364.14,18331.98
2024-02-20,3395.19,3410.85,3415.89,3380.1,14073.46
2024-02-21,3390.36,3456.87,3500.13,3383.69,18887.94
2024-02-22,3450.35,3486.67,3486.68,3448.41,14102.08
2024-02-23,3491.34,3489.74,3507.56,3472.97,14482.13
2024-02-26,3485.54,3453.36,3492.61,3445.39,15124.83
2024-02-27,3440.05,3494.79,3494.79,3437.44,13952.82
2024-02-28,3499.83,3450.26,3521.66,3450.26,18983.75
2024-02-29,3437.9,3516.08,3516.08,3437.9,15594.45
2024-03-01,3515.06,3537.8,3544.36,3503.46,16270.96
2024-03-04,3538.37,3540.87,3548.69,3519.76,16324.46
2024-03-05,3524.96,3565.51,3570.69,3519.08,16642.24
2024-03-06,3556.53,3551.05,3577.39,3545.1,14307.66
2024-03-07,3548.1,3529.72,3569.92,3522.9,14811.05
2024-03-08,3529.55,3544.91,3548.51,3511.58,12579.27
2024-03-11,3545.94,3589.26,3589.26,3542.28,14820.28
2024-03-12,3592.58,3597.49,3605.7,3574.21,18068.56
2024-03-13,3594.42,3572.36,3594.42,3563.37,14459.06
2024-03-14,3571.79,3562.22,3597.46,3545.61,14096.27
2024-03-15,3554.91,3569.99,3572.81,3533.68,13831.6
2024-03-18,3577.06,3603.53,3604.05,3573.4,16037.94
2024-03-19,3593.34,3577.63,3610.74,3577.19,14557.18
2024-03-20,3568.72,3585.38,3589.55,3568.43,12952.9
2024-03-21,3593.07,3581.09,3601.11,3575.03,13074.34
2024-03-22,3571.27,3545.0,3575.72,3522.84,13922.74
2024-03-25,3536.71,3525.76,3564.96,3525.76,13701.57
2024-03-26,3526.68,3543.75,3547.65,3518.6,12620.95
2024-03-27,3538.72,3502.79,3542.96,3502.79,12862.68
2024-03-28,3498.48,3520.96,3551.21,3489.39,14333.47
2024-03-29,3516.88,3537.48,3538.24,3516.88,12864.33
2024-04-01,3551.58,3595.65,3600.92,3551.58,16277.66
2024-04-02,3593.22,3580.68,3596.19,3568.75,14127.3
2024-04-03,3578.68,3567.8,3582.43,3558.87,13559.23
2024-04-08,3553.56,3536.41,3567.82,3535.77,15530.43
2024-04-09,3533.38,3533.49,3543.71,3518.86,12967.09
2024-04-10,3528.97,3504.71,3531.23,3490.05,12879.03
2024-04-11,3485.03,3504.24,3520.59,3484.93,12653.44
2024-04-12,3505.75,3475.84,3516.7,3470.06,12892.11
2024-04-15,3473.5,3549.08,3552.41,3473.5,18394.13
2024-04-16,3533.36,3511.11,3545.5,3503.62,17615.31
2024-04-17,3509.13,3565.4,3565.94,3498.03,16846.64
2024-04-18,3550.56,3569.8,3602.79,3547.6,17857.41
2024-04-19,3550.61,3541.66,3560.95,3529.32,14728.15
2024-04-22,3536.18,3530.9,3558.16,3528.02,15057.9
2024-04-23,3525.67,3506.22,3533.76,3499.98,14311.35
2024-04-24,3514.01,3521.62,3524.54,3495.65,12173.99
2024-04-25,3510.64,3530.28,3543.97,3505.2,11518.77
2024-04-26,3531.96,3584.27,3588.4,3531.96,19721.61
2024-04-29,3584.54,3623.91,3645.82,3578.76,22272.14
2024-04-30,3619.26,3604.39,3630.71,3604.39,19129.69
2024-05-06,3654.05,3657.88,3668.26,3645.74,20801.8
2024-05-07,3657.0,3659.01,3665.68,3648.38,16483.43
2024-05-08,3650.75,3630.22,3650.94,3628.7,13003.53
2024-05-09,3630.41,3664.56,3669.76,3630.41,14655.9
2024-05-10,3669.09,3666.28,3674.61,3641.76,15072.05
2024-05-13,3646.35,3664.69,3673.62,3634.6,15726.75
2024-05-14,3668.23,3657.05,3675.78,3646.71,13340.65
2024-05-15,3651.05,3626.06,3656.53,3624.0,12352.28
2024-05-16,3636.6,3640.36,3657.48,3626.33,15463.05
2024-05-17,3638.56,3677.97,3677.97,3627.45,16457.04
2024-05-20,3682.06,3690.96,3703.03,3677.44,18460.94
2024-05-21,3682.29,3676.16,3684.61,3665.15,13067.83
2024-05-22,3675.65,3684.45,3691.88,3667.09,15191.46
2024-05-23,3672.84,3641.79,3674.37,3633.51,14257.3
2024-05-24,3630.83,3601.48,3650.87,3599.67,12479.12
2024-05-27,3606.65,3635.71,3638.15,3603.71,13127.26
2024-05-28,3633.25,3609.17,3638.97,3605.92,12353.22
2024-05-29,3609.07,3613.52,3633.2,3602.82,11590.63
2024-05-30,3607.05,3594.31,3624.04,3586.75,12260.3
2024-05-31,3599.82,3579.92,3614.64,3579.92,11246.2
2024-06-03,3577.38,3588.75,3600.6,3567.87,14105.46
2024-06-04,3583.81,3615.67,3622.5,3580.28,12454.51
2024-06-05,3610.36,3594.79,3623.32,3594.11,11090.68
2024-06-06,3602.16,3592.25,3625.01,3584.17,13789.35
2024-06-07,3594.63,3574.11,3603.07,3552.09,13110.3
2024-06-11,3555.82,3542.88,3565.31,3525.89,13452.23
2024-06-12,3539.09,3544.12,3551.17,3531.57,12281.37
2024-06-13,3548.22,3526.13,3551.08,3520.18,12324.55
2024-06-14,3514.8,3541.53,3547.15,3503.52,17151.69
2024-06-17,3521.44,3536.2,3540.79,3520.74,13743.34
2024-06-18,3533.49,3545.59,3551.71,3532.78,12367.18
2024-06-19,3543.36,3528.75,3543.36,3524.84,10664.28
2024-06-20,3525.17,3503.28,3533.99,3500.13,11161.74
2024-06-21,3496.34,3495.62,3505.51,3473.83,10918.66
2024-06-24,3473.64,3476.81,3505.78,3471.22,11799.02
2024-06-25,3475.16,3457.9,3483.22,3440.65,11844.81
2024-06-26,3451.54,3480.26,3487.4,3442.3,10589.89
2024-06-27,3467.29,3454.12,3471.14,3452.58,11491.81
2024-06-28,3443.67,3461.66,3484.68,3443.67,13540.92
2024-07-01,3458.26,3478.18,3479.95,3443.81,12182.98
2024-07-02,3472.45,3471.79,3488.32,3464.52,12165.01
2024-07-03,3471.56,3463.41,3478.7,3454.99,10385.71
2024-07-04,3468.3,3445.81,3483.31,3444.93,10442.99
2024-07-05,3443.36,3431.06,3451.04,3399.67,11660.97
2024-07-08,3420.8,3401.76,3428.04,3395.91,11552.82
2024-07-09,3396.8,3439.81,3448.93,3384.81,13162.94
2024-07-10,3425.88,3428.97,3447.51,3423.65,12720.35
2024-07-11,3451.04,3468.17,3473.98,3438.12,14589.25
2024-07-12,3459.96,3472.4,3479.1,3457.36,13087.46
2024-07-15,3462.61,3476.25,3481.46,3460.79,11851.71
2024-07-16,3466.85,3498.28,3500.29,3464.37,12065.9
2024-07-17,3494.21,3501.58,3514.48,3486.22,13180.21
2024-07-18,3483.3,3520.93,3522.8,3475.72,12376.82
2024-07-19,3500.81,3539.02,3545.34,3493.07,13244.8
2024-07-22,3538.4,3514.92,3540.19,3494.01,13212.63
2024-07-23,3509.79,3439.88,3509.79,3439.88,12889.77
2024-07-24,3432.35,3418.17,3451.42,3408.41,12703.63
2024-07-25,3404.61,3399.27,3415.86,3383.8,13102.22
2024-07-26,3403.71,3409.29,3420.82,3388.66,12419.56
2024-07-29,3404.37,3390.74,3408.5,3388.84,10978.78
2024-07-30,3380.69,3369.38,3380.69,3352.8,10495.22
2024-07-31,3364.03,3442.08,3445.0,3364.03,17195.92
2024-08-01,3443.14,3419.27,3448.34,3419.19,13632.35
2024-08-02,3393.92,3384.39,3419.1,3380.96,11661.53
2024-08-05,3362.11,3343.32,3409.03,3343.32,14281.25
2024-08-06,3367.35,3342.98,3376.8,3318.63,11934.03
2024-08-07,3338.59,3341.49,3362.38,3329.97,9508.44
2024-08-08,3332.43,3342.94,3364.79,3320.84,9249.57
2024-08-09,3358.13,3331.63,3366.67,3331.63,9151.16
2024-08-12,3327.56,3325.86,3338.08,3319.89,7993.88
2024-08-13,3328.01,3334.39,3335.01,3310.19,8448.97
2024-08-14,3332.79,3309.24,3332.79,3309.1,7874.24
2024-08-15,3301.45,3341.95,3356.76,3297.97,10476.64
2024-08-16,3342.03,3345.63,3356.91,3335.62,9651.91
2024-08-19,3344.26,3356.97,3375.96,3343.71,10557.11
2024-08-20,3361.64,3332.7,3362.33,3321.64,10166.83
2024-08-21,3322.91,3321.64,3339.44,3307.99,8995.48
2024-08-22,3322.87,3313.14,3327.7,3305.25,10036.65
2024-08-23,3305.93,3327.19,3336.24,3305.64,8952.58
2024-08-26,3330.72,3324.22,3336.53,3311.57,9399.08
2024-08-27,3315.69,3305.33,3320.57,3299.56,9580.82
2024-08-28,3298.91,3286.5,3305.35,3274.59,9269.67
2024-08-29,3273.54,3277.68,3290.79,3269.53,13070.23
2024-08-30,3273.75,3321.43,3351.63,3273.65,18869.54
2024-09-02,3307.54,3265.01,3307.76,3264.76,14761.24
2024-09-03,3261.74,3273.43,3281.59,3261.19,12289.73
2024-09-04,3253.9,3252.16,3272.99,3249.98,10483.25
2024-09-05,3252.96,3257.76,3266.88,3247.17,9710.95
2024-09-06,3261.15,3231.35,3274.81,3231.07,8840.04
2024-09-09,3214.8,3192.95,3222.93,3180.93,10867.31
2024-09-10,3193.46,3195.76,3205.1,3171.79,9729.01
2024-09-11,3187.05,3186.13,3197.34,3174.03,10248.21
2024-09-12,3189.43,3172.47,3201.55,3171.88,9286.87
2024-09-13,3174.03,3159.25,3188.91,3159.25,8833.67
2024-09-18,3158.82,3171.01,3179.9,3145.79,8472.28
2024-09-19,3178.4,3196.04,3213.84,3149.79,12543.93
2024-09-20,3192.43,3201.05,3207.99,3173.22,11806.41
2024-09-23,3200.87,3212.76,3230.16,3198.02,9534.49
2024-09-24,3244.65,3351.91,3351.97,3222.49,20407.22
2024-09-25,3403.7,3401.53,3465.49,3393.44,24156.43
2024-09-26,3399.32,3545.32,3545.32,3391.68,24313.4
2024-09-27,3617.92,3703.68,3708.5,3596.58,26548.78
2024-09-30,3846.65,4017.85,4038.7,3796.5,51021.77
2024-10-08,4450.37,4256.1,4450.37,4094.35,58986.79
2024-10-09,4168.84,3955.98,4197.6,3942.51,48226.93
2024-10-10,3979.61,3997.79,4098.5,3912.77,39505.31
2024-10-11,3969.76,3887.17,3978.24,3847.12,27409.65
2024-10-14,3915.22,3961.34,3979.54,3868.78,30757.9
2024-10-15,3942.53,3855.99,3967.87,3855.99,24248.64
2024-10-16,3806.14,3831.59,3877.75,3805.09,21886.64
2024-10-17,3853.84,3788.22,3882.07,3787.75,21231.38
2024-10-18,3780.31,3925.23,3998.21,3765.16,31295.88
2024-10-21,3946.9,3935.2,3979.26,3896.17,29118.56
2024-10-22,3923.74,3957.78,3965.91,3917.52,22343.34
2024-10-23,3955.32,3973.21,4012.18,3939.1,24587.39
2024-10-24,3950.9,3928.83,3957.98,3914.09,17472.41
2024-10-25,3931.32,3956.42,3992.89,3921.94,21069.49
2024-10-28,3953.11,3964.16,3964.16,3917.2,21616.04
2024-10-29,3970.01,3924.65,3991.31,3921.58,21729.4
2024-10-30,3904.16,3889.45,3926.06,3864.31,21943.66
2024-10-31,3888.42,3891.04,3923.9,3859.11,30063.67
2024-11-01,3882.46,3890.02,3933.22,3879.96,30798.65
2024-11-04,3897.71,3944.76,3944.76,3891.21,22923.91
2024-11-05,3937.62,4044.57,4046.7,3925.41,31686.28
2024-11-06,4051.29,4024.28,4091.7,4002.5,33580.79
2024-11-07,3987.27,4145.7,4146.15,3984.67,34143.64
2024-11-08,4192.08,4104.05,4200.91,4094.16,33235.04
2024-11-11,4066.93,4131.13,4132.51,4048.04,28959.42
2024-11-12,4133.35,4085.74,4181.71,4060.79,29777.81
2024-11-13,4059.59,4110.89,4121.07,4059.59,24048.41
2024-11-14,4101.22,4039.62,4118.17,4034.94,23015.28
2024-11-15,4025.65,3968.83,4049.07,3968.83,24739.95
2024-11-18,3982.1,3950.38,4034.06,3931.19,30677.79
2024-11-19,3954.6,3976.89,3979.15,3896.75,24294.65
2024-11-20,3966.12,3985.77,4001.08,3958.34,18459.94
2024-11-21,3979.46,3989.3,3999.57,3966.07,16612.59
2024-11-22,3984.24,3865.7,3990.26,3865.7,21628.58
2024-11-25,3875.61,3848.09,3889.71,3812.32,19070.3
2024-11-26,3836.26,3840.18,3875.23,3833.28,14989.24
2024-11-27,3829.34,3907.04,3907.16,3817.91,17413.61
2024-11-28,3904.25,3872.55,3908.39,3866.01,15011.73
2024-11-29,3869.89,3916.58,3962.7,3869.89,18765.67
2024-12-02,3909.7,3947.63,3955.13,3902.17,19728.98
2024-12-03,3946.7,3951.89,3963.95,3922.84,18249.69
2024-12-04,3948.13,3930.56,3957.37,3917.75,17462.63
2024-12-05,3916.56,3921.59,3936.34,3910.08,13853.4
2024-12-06,3923.9,3973.14,3995.12,3923.9,19205.79
2024-12-09,3970.66,3966.57,3995.51,3948.42,17596.0
2024-12-10,4094.05,3995.64,4098.38,3988.97,25346.38
2024-12-11,3988.02,3988.83,4005.33,3977.35,17725.28
2024-12-12,3987.15,4028.5,4031.74,3981.35,18162.18
2024-12-13,4000.99,3933.18,4000.99,3931.74,23035.31
2024-12-16,3930.78,3911.84,3938.76,3901.65,17851.13
2024-12-17,3908.13,3922.03,3955.95,3908.13,16093.91
2024-12-18,3934.54,3941.89,3956.14,3933.97,15773.83
2024-12-19,3911.89,3945.46,3954.35,3899.75,16108.1
2024-12-20,3937.47,3927.74,3958.63,3923.26,15498.65
2024-12-23,3928.15,3933.57,3965.85,3928.15,19006.74
2024-12-24,3934.94,3983.69,3985.86,3934.73,16149.46
2024-12-25,3987.96,3985.63,4007.76,3969.48,15939.07
2024-12-26,3981.73,3987.48,3991.53,3965.55,14342.53
2024-12-27,3987.02,3981.03,4007.13,3970.94,16926.87
2024-12-30,3976.7,3999.05,4005.78,3976.7,16461.25
2024-12-31,3995.87,3934.91,4004.35,3934.91,18392.84
2025-01-02,3931.82,3820.4,3934.2,3796.34,21789.87
2025-01-03,3825.24,3775.16,3835.94,3767.67,17534.27
2025-01-06,3775.99,3768.97,3788.85,3743.07,15094.67
2025-01-07,3760.87,3796.11,3797.6,3749.06,14645.58
2025-01-08,3781.26,3789.22,3810.74,3731.19,16916.7
2025-01-09,3780.73,3779.88,3795.26,3768.68,12979.4
2025-01-10,3778.89,3732.48,3786.81,3732.48,13752.32
2025-01-13,3704.44,3722.51,3737.89,3704.11,13644.62
2025-01-14,3728.56,3820.54,3826.64,3718.88,17066.47
2025-01-15,3810.04,3796.03,3816.83,3790.17,14147.55
2025-01-16,3812.19,3800.38,3842.95,3776.29,14450.59
2025-01-17,3788.37,3812.34,3831.64,3780.21,12662.2
2025-01-20,3835.3,3829.68,3858.67,3821.98,13958.13
2025-01-21,3850.36,3832.61,3850.91,3817.12,14121.84
2025-01-22,3823.94,3797.02,3823.94,3783.14,13725.51
2025-01-23,3829.05,3803.74,3864.26,3801.85,18056.96
2025-01-24,3793.85,3832.86,3847.6,3793.48,14897.17
2025-01-27,3836.96,3817.08,3852.0,3817.08,14667.08
2025-02-05,3844.7,3795.08,3844.7,3785.16,15716.83
2025-02-06,3789.61,3842.83,3843.49,3788.32,16728.82
2025-02-07,3844.06,3892.7,3919.35,3833.87,22185.77
2025-02-10,3898.1,3901.06,3906.37,3878.83,18890.3
2025-02-11,3905.16,3883.14,3905.16,3872.91,16657.49
2025-02-12,3875.96,3919.86,3920.72,3867.35,16422.85
2025-02-13,3913.9,3905.14,3939.2,3904.98,17248.59
2025-02-14,3900.83,3939.01,3942.04,3900.83,17297.65
2025-02-17,3954.41,3947.4,3955.9,3921.7,21358.82
2025-02-18,3942.58,3912.78,3965.42,3901.87,20942.51
2025-02-19,3906.22,3940.16,3943.67,3904.15,18282.95
2025-02-20,3934.65,3928.9,3940.68,3916.18,16389.52
2025-02-21,3938.05,3978.44,3981.05,3927.79,22740.03
2025-02-24,3972.48,3969.72,3995.95,3949.23,22081.06
2025-02-25,3933.64,3925.65,3955.43,3915.65,17810.86
2025-02-26,3931.84,3959.94,3960.33,3925.37,19106.25
2025-02-27,3961.06,3968.12,3973.93,3933.46,20288.8
2025-02-28,3950.19,3890.05,3972.48,3886.4,19810.41
2025-03-03,3899.7,3888.47,3930.0,3872.59,17762.32
2025-03-04,3865.99,3885.22,3890.42,3855.73,14985.1
2025-03-05,3887.8,3902.57,3906.42,3877.02,15865.28
2025-03-06,3923.38,3956.24,3964.49,3917.08,19396.09
2025-03-07,3944.91,3944.01,3967.07,3935.05,16673.24
2025-03-10,3945.58,3928.8,3949.14,3905.13,15276.52
2025-03-11,3890.43,3941.42,3941.42,3889.43,14475.44
2025-03-12,3946.86,3927.23,3953.61,3921.47,15673.22
2025-03-13,3925.74,3911.58,3939.29,3897.38,15653.64
2025-03-14,3919.62,4006.56,4014.16,3919.62,21613.9
2025-03-17,4020.64,3996.79,4021.73,3992.26,16220.29
2025-03-18,4011.78,4007.72,4016.87,3995.96,14020.85
2025-03-19,4004.83,4010.17,4025.3,3989.51,14441.94
2025-03-20,4011.06,3974.99,4012.04,3969.93,13375.47
2025-03-21,3966.51,3914.7,3983.15,3904.77,16590.53
2025-03-24,3916.11,3934.85,3938.18,3907.2,15223.47
2025-03-25,3937.9,3932.3,3946.36,3921.53,14047.54
2025-03-26,3930.21,3919.36,3942.03,3916.86,13116.42
2025-03-27,3911.38,3932.41,3952.99,3903.65,12679.37
2025-03-28,3930.78,3915.17,3934.23,3907.38,12635.62
2025-03-31,3905.98,3887.31,3928.45,3872.4,16679.85
2025-04-01,3892.78,3887.68,3905.26,3882.4,14038.03
2025-04-02,3884.42,3884.39,3900.49,3877.16,11304.32
2025-04-03,3843.42,3861.5,3883.7,3843.42,14259.98
2025-04-07,3675.2,3589.44,3707.78,3514.12,31257.86
2025-04-08,3597.99,3650.76,3650.76,3583.87,28019.73
2025-04-09,3606.1,3686.79,3686.79,3587.34,26230.57
2025-04-10,3749.13,3735.12,3756.14,3708.82,22725.22
2025-04-11,3730.31,3750.52,3762.37,3708.46,16875.97
2025-04-14,3772.04,3759.14,3776.63,3754.03,16446.24
2025-04-15,3756.48,3761.23,3764.49,3737.85,13400.6
2025-04-16,3757.88,3772.82,3775.17,3721.6,15635.9
2025-04-17,3755.09,3772.22,3779.13,3749.5,12237.1
2025-04-18,3760.04,3772.52,3782.04,3754.41,10294.85
2025-04-21,3768.14,3784.88,3790.18,3763.14,12135.57
2025-04-22,3780.11,3783.95,3799.23,3778.08,12568.83
2025-04-23,3803.43,3786.88,3807.95,3780.52,13198.69
2025-04-24,3787.46,3784.36,3807.26,3775.21,11716.46
2025-04-25,3792.08,3786.99,3801.58,3780.78,12459.11
2025-04-28,3786.39,3781.62,3792.01,3772.8,12514.51
2025-04-29,3776.0,3775.08,3785.32,3768.03,11151.47
2025-04-30,3775.83,3770.57,3787.56,3768.76,14368.17
2025-05-06,3794.38,3808.54,3809.09,3782.78,15852.05
2025-05-07,3861.58,3831.63,3863.68,3814.99,16117.23
2025-05-08,3820.55,3852.9,3867.33,3816.26,12495.98
2025-05-09,3848.62,3846.16,3853.66,3836.53,11938.95
2025-05-12,3866.53,3890.61,3890.73,3859.03,15333.25
2025-05-13,3915.59,3896.26,3915.59,3890.69,14732.03
2025-05-14,3894.84,3943.21,3960.52,3890.65,17203.38
2025-05-15,3934.03,3907.2,3936.47,3904.91,13808.17
2025-05-16,3898.67,3889.09,3903.85,3874.86,11840.53
2025-05-19,3882.57,3877.15,3885.59,3866.57,9864.34
2025-05-20,3883.1,3898.17,3911.47,3881.74,10488.52
2025-05-21,3899.44,3916.38,3928.63,3899.44,10979.13
2025-05-22,3912.6,3913.87,3923.02,3903.09,10759.71
2025-05-23,3910.37,3882.27,3931.55,3882.27,12027.74
2025-05-26,3875.79,3860.11,3884.54,3849.04,10960.12
2025-05-27,3857.63,3839.4,3865.43,3834.85,9857.24
2025-05-28,3843.07,3836.24,3849.74,3833.96,8903.1
2025-05-29,3838.01,3858.7,3869.79,3831.46,10847.19
2025-05-30,3850.49,3840.23,3858.61,3829.25,11167.22
2025-06-03,3833.46,3852.01,3863.3,3832.72,13140.31
2025-06-04,3855.49,3868.74,3875.86,3855.49,11680.39
2025-06-05,3872.64,3877.56,3883.13,3861.27,12287.82
2025-06-06,3878.1,3873.98,3889.46,3869.39,11098.8
2025-06-09,3877.8,3885.25,3894.65,3871.99,13630.63
2025-06-10,3887.55,3865.47,3897.46,3850.47,14556.39
2025-06-11,3870.67,3894.63,3911.61,3870.67,14241.48
2025-06-12,3885.52,3892.2,3900.04,3870.38,13399.87
2025-06-13,3881.49,3864.18,3889.16,3853.82,17253.95
2025-06-16,3853.62,3873.8,3876.17,3853.62,13734.18
2025-06-17,3875.18,3870.38,3880.42,3860.41,12234.25
2025-06-18,3871.65,3874.97,3881.35,3854.66,12752.86
2025-06-19,3870.05,3843.09,3872.94,3834.95,13028.07
2025-06-20,3839.78,3846.64,3856.48,3839.78,11815.1
2025-06-23,3831.17,3857.9,3867.59,3827.08,13380.09
2025-06-24,3862.39,3904.03,3914.16,3862.39,16365.62
2025-06-25,3907.07,3960.07,3963.04,3902.18,18721.37
2025-06-26,3953.16,3946.02,3964.48,3945.26,16531.63
2025-06-27,3949.79,3921.76,3969.26,3918.2,19455.79
2025-06-30,3920.31,3936.08,3940.36,3911.6,14517.02
2025-07-01,3935.91,3942.76,3946.25,3924.72,12895.94
2025-07-02,3943.32,3943.68,3952.14,3929.7,14706.31
2025-07-03,3949.4,3968.07,3971.62,3945.14,14100.4
2025-07-04,3967.46,3982.2,4013.85,3958.38,15719.71
2025-07-07,3977.29,3965.17,3979.75,3956.57,13113.53
2025-07-08,3965.43,3998.45,4002.27,3965.43,15640.29
2025-07-09,3997.5,3991.4,4016.74,3987.43,17329.38
2025-07-10,3993.42,4010.02,4032.98,3992.52,20977.89
2025-07-11,4011.47,4014.81,4065.94,4010.11,26205.28
2025-07-14,4021.21,4017.67,4034.92,4017.67,20791.72
2025-07-15,4023.99,4019.06,4042.66,3994.26,19104.29
2025-07-16,4019.39,4007.2,4027.86,3993.92,15102.73
2025-07-17,4005.07,4034.49,4034.59,4005.07,16124.9
2025-07-18,4039.87,4058.55,4064.64,4039.32,18621.11
2025-07-21,4069.77,4085.61,4086.12,4063.44,22326.85
2025-07-22,4087.34,4118.96,4119.2,4068.34,25759.7
2025-07-23,4129.15,4119.77,4155.68,4113.91,30050.62
2025-07-24,4116.83,4149.04,4152.43,4111.88,31963.24
2025-07-25,4145.32,4127.16,4150.5,4117.8,27359.5
2025-07-28,4128.2,4135.82,4146.12,4112.97,22275.98
2025-07-29,4132.68,4152.02,4153.33,4117.58,23080.79
2025-07-30,4148.94,4151.24,4185.21,4127.43,24985.3
2025-07-31,4141.56,4075.59,4141.82,4063.67,26708.74
2025-08-01,4069.93,4054.93,4085.35,4040.46,19622.18
2025-08-04,4037.94,4070.7,4070.7,4037.94,16227.59
2025-08-05,4080.39,4103.45,4106.3,4075.58,17885.2
2025-08-06,4100.43,4113.49,4116.71,4098.35,17667.62
2025-08-07,4120.28,4114.67,4129.74,4094.82,19864.19
2025-08-08,4109.27,4104.97,4122.21,4097.42,17317.12
2025-08-11,4110.29,4122.51,4134.25,4103.61,19044.37
2025-08-12,4123.58,4143.83,4153.29,4121.22,17728.78
2025-08-13,4150.5,4176.58,4186.75,4147.2,21393.5
2025-08-14,4179.97,4173.31,4220.31,4165.94,22110.36
2025-08-15,4162.42,4202.35,4214.73,4157.5,26132.76
2025-08-18,4218.25,4239.41,4272.96,4203.42,30147.91
2025-08-19,4241.77,4223.37,4264.23,4215.21,25081.88
2025-08-20,4208.4,4271.4,4272.15,4190.56,24648.18
2025-08-21,4284.37,4288.07,4308.45,4273.65,25903.0
2025-08-22,4287.36,4378.0,4378.39,4287.36,29043.49
2025-08-25,4416.29,4469.22,4472.65,4404.78,35809.0
2025-08-26,4453.35,4452.59,4476.8,4435.53,27062.14
2025-08-27,4458.84,4386.13,4494.91,4386.13,33313.39
2025-08-28,4378.04,4463.78,4464.8,4364.17,29683.45
2025-08-29,4455.8,4496.76,4516.84,4452.36,35193.89
2025-09-01,4516.88,4523.71,4528.13,4487.53,32036.67
2025-09-02,4521.98,4490.45,4548.89,4454.42,30393.26
2025-09-03,4501.34,4459.83,4510.73,4427.52,25432.02
2025-09-04,4461.25,4365.21,4465.5,4327.51,30793.46
2025-09-05,4365.61,4460.32,4466.56,4350.3,24962.57
2025-09-08,4467.17,4467.57,4482.76,4438.07,26763.84
2025-09-09,4448.74,4436.26,4472.09,4412.69,22137.55
2025-09-10,4438.3,4445.36,4466.63,4414.59,20359.76
2025-09-11,4438.84,4548.03,4548.03,4427.92,25326.41
2025-09-12,4544.59,4522.0,4564.67,4517.79,26644.2
2025-09-15,4534.89,4533.06,4566.91,4522.5,23188.57
2025-09-16,4539.92,4523.34,4552.42,4494.79,24926.92
2025-09-17,4517.29,4551.02,4556.03,4503.8,23571.65
2025-09-18,4546.03,4498.11,4573.83,4454.99,30985.98
2025-09-19,4499.09,4501.92,4533.09,4491.84,22504.4
2025-09-22,4512.03,4522.61,4523.87,4487.13,19646.0
2025-09-23,4536.76,4519.78,4560.73,4459.73,25282.71
2025-09-24,4495.27,4566.07,4567.49,4494.11,22048.26
2025-09-25,4563.98,4593.49,4613.95,4558.84,22982.33
2025-09-26,4576.91,4550.05,4597.85,4550.05,20848.21
2025-09-29,4555.03,4620.05,4647.57,4541.43,27435.89
2025-09-30,4629.9,4640.69,4647.5,4616.22,24798.04
2025-10-09,4662.11,4709.48,4726.34,4651.99,34767.87
2025-10-10,4679.5,4616.83,4692.59,4600.96,31902.09
2025-10-13,4490.87,4593.98,4601.81,4490.87,31501.04
2025-10-14,4634.05,4539.06,4641.45,4520.93,37295.4
2025-10-15,4544.24,4606.29,4608.82,4526.83,28477.19
2025-10-16,4588.92,4618.42,4645.1,4586.28,24823.55
2025-10-17,4610.7,4514.23,4618.56,4509.33,25690.56
2025-10-20,4558.24,4538.22,4570.44,4520.5,21842.04
2025-10-21,4556.12,4607.87,4615.46,4547.93,21571.12
2025-10-22,4576.03,4592.57,4603.49,4567.24,18533.4
2025-10-23,4578.7,4606.34,4611.34,4541.69,20046.39
2025-10-24,4622.79,4660.68,4660.68,4622.79,20881.45
2025-10-27,4699.38,4716.02,4720.43,4687.69,26220.07
2025-10-28,4697.73,4691.97,4734.32,4679.23,22090.66
2025-10-29,4701.04,4747.84,4747.84,4697.27,24621.13
2025-10-30,4735.98,4709.91,4761.83,4706.45,27328.91
2025-10-31,4702.49,4640.67,4706.14,4640.67,28146.47
2025-11-03,4636.73,4653.4,4653.4,4595.73,23986.98
2025-11-04,4649.35,4618.7,4665.32,4595.07,23322.4
2025-11-05,4562.11,4627.26,4642.61,4558.76,20304.59
2025-11-06,4642.01,4693.4,4698.09,4642.01,22424.1
2025-11-07,4673.76,4678.79,4701.37,4666.04,21249.74
2025-11-10,4688.12,4695.05,4695.18,4654.21,23602.68
2025-11-11,4706.34,4652.17,4707.13,4648.49,18663.89
2025-11-12,4643.56,4645.91,4669.61,4620.99,20946.06
2025-11-13,4643.79,4702.07,4703.49,4643.79,20736.75
2025-11-14,4663.32,4628.14,4684.26,4628.02,19209.27
2025-11-17,4616.81,4598.05,4624.9,4580.26,18895.55
2025-11-18,4584.79,4568.19,4606.62,4552.8,17771.32
2025-11-19,4568.04,4588.29,4607.86,4568.04,17292.5
2025-11-20,4619.54,4564.95,4620.65,4560.18,19456.26
2025-11-21,4513.39,4453.61,4527.04,4453.18,22285.1
2025-11-24,4473.16,4448.05,4478.81,4421.81,18583.37
2025-11-25,4475.84,4490.4,4510.77,4467.35,16957.19
2025-11-26,4490.2,4517.63,4538.14,4485.7,15620.04
2025-11-27,4520.01,4515.4,4559.22,4509.86,15031.18
2025-11-28,4511.5,4526.66,4531.72,4492.43,14290.21
2025-12-01,4539.19,4576.49,4576.97,4531.29,20038.23
2025-12-02,4571.91,4554.33,4575.49,4539.43,14849.31
2025-12-03,4554.59,4531.05,4569.82,4523.5,16976.28
2025-12-04,4533.6,4546.57,4557.42,4514.19,14719.81
2025-12-05,4547.91,4584.54,4593.83,4535.02,19680.0
2025-12-08,4593.14,4621.75,4640.63,4592.74,19962.1
2025-12-09,4611.38,4598.22,4628.7,4584.25,18416.03
2025-12-10,4586.25,4591.83,4598.54,4549.08,16911.11
2025-12-11,4597.19,4552.18,4610.28,4547.14,16841.94
2025-12-12,4558.74,4580.95,4583.68,4530.78,21282.65
2025-12-15,4550.0,4552.06,4595.05,4548.44,16759.0
2025-12-16,4542.42,4497.55,4553.08,4484.27,16516.52
2025-12-17,4499.77,4579.88,4594.66,4498.93,17842.48
2025-12-18,4553.98,4552.79,4571.97,4544.14,15168.13
2025-12-19,4561.37,4568.18,4591.09,4546.85,15487.62
2025-12-22,4587.67,4611.62,4615.87,4587.67,16525.29
2025-12-23,4616.03,4620.73,4644.53,4607.8,16925.64
2025-12-24,4623.68,4634.06,4639.43,4602.14,15371.12
2025-12-25,4629.32,4642.54,4651.15,4621.92,13943.42
2025-12-26,4639.79,4657.24,4676.13,4635.11,17539.66
2025-12-29,4658.27,4639.37,4672.04,4629.06,20039.71
2025-12-30,4617.32,4651.28,4664.33,4616.63,18037.5
2025-12-31,4656.48,4629.94,4667.05,4622.1,17076.02
2026-01-05,4661.62,4717.75,4721.64,4661.62,23414.48
2026-01-06,4719.21,4790.69,4790.69,4718.01,29697.07
2026-01-07,4796.93,4776.67,4802.6,4751.07,25909.56
2026-01-08,4761.01,4737.65,4765.49,4717.01,23880.5
2026-01-09,4725.96,4758.92,4771.43,4719.13,25468.8
2026-01-12,4769.65,4789.92,4795.93,4737.57,29483.32
2026-01-13,4798.05,4761.03,4836.95,4745.52,30144.95
2026-01-14,4767.7,4741.93,4818.1,4720.25,36495.1
2026-01-15,4721.8,4751.43,4769.55,4720.94,25400.36
2026-01-16,4778.43,4731.87,4792.55,4715.36,32527.89
2026-01-19,4720.19,4734.46,4761.63,4715.09,26761.25
2026-01-20,4736.91,4718.88,4748.23,4684.97,28271.96
2026-01-21,4714.55,4723.07,4758.28,4714.24,26635.33
2026-01-22,4741.75,4723.71,4757.76,4700.45,27419.99
2026-01-23,4729.59,4702.5,4734.79,4684.62,31463.54
2026-01-26,4715.38,4706.96,4754.18,4693.16,36300.45
2026-01-27,4705.17,4705.69,4736.99,4675.64,30147.57
2026-01-28,4725.6,4717.99,4739.63,4697.91,38225.56
2026-01-29,4733.09,4753.87,4770.96,4696.05,41551.31
2026-01-30,4723.08,4706.34,4738.87,4645.47,31978.65
2026-02-02,4674.28,4605.98,4716.61,4601.76,30477.35
2026-02-03,4648.36,4660.11,4662.13,4578.21,26554.94
2026-02-04,4647.97,4698.68,4701.48,4641.84,26488.1
2026-02-05,4664.75,4670.42,4687.02,4639.43,23785.64
2026-02-06,4622.97,4643.6,4678.26,4606.64,20271.65
2026-02-09,4693.67,4719.06,4719.96,4679.9,20725.19
2026-02-10,4718.26,4724.3,4732.09,4713.87,18700.1
2026-02-11,4715.67,4713.82,4723.7,4703.69,17339.17
2026-02-12,4720.01,4719.58,4726.04,4707.74,19784.14
2026-02-13,4693.41,4660.41,4703.63,4658.4,18916.78
2026-02-24,4727.3,4707.54,4727.37,4698.35,21848.89
2026-02-25,4713.58,4735.89,4766.56,4713.34,28426.84
2026-02-26,4741.39,4726.87,4742.15,4706.69,23484.76
2026-02-27,4698.3,4710.65,4721.01,4692.89,26142.09
2026-03-02,4681.01,4728.67,4735.41,4667.28,34926.08
2026-03-03,4737.32,4655.9,4744.6,4651.4,37062.43
2026-03-04,4609.19,4602.62,4639.42,4575.82,30303.57
2026-03-05,4651.94,4647.69,4671.53,4630.3,25931.78
2026-03-06,4621.49,4660.44,4671.71,4612.79,23852.79
2026-03-09,4600.25,4615.46,4625.98,4548.97,32278.76
2026-03-10,4648.79,4674.76,4677.6,4648.79,26390.37
2026-03-11,4681.03,4704.5,4711.87,4674.71,27017.54
2026-03-12,4700.72,4687.56,4704.38,4654.31,30298.68
2026-03-13,4669.06,4669.14,4707.42,4659.5,31077.2
2026-03-16,4669.22,4671.56,4673.69,4621.81,29621.51
2026-03-17,4685.57,4637.44,4720.86,4637.37,26302.19
2026-03-18,4648.75,4658.33,4662.29,4604.52,23469.07
2026-03-19,4611.44,4583.25,4634.55,4570.39,25413.04
2026-03-20,4602.82,4567.02,4628.71,4563.07,25787.37
2026-03-23,4499.1,4418.0,4514.72,4397.57,32808.19
2026-03-24,4458.91,4474.72,4474.83,4394.29,25553.25
2026-03-25,4506.62,4537.47,4542.18,4502.03,26263.93
2026-03-26,4525.33,4477.53,4541.05,4468.96,21373.68
2026-03-27,4431.5,4502.57,4519.89,4431.42,19240.04
2026-03-30,4461.74,4491.95,4496.41,4447.14,20929.31
2026-03-31,4491.92,4450.05,4523.17,4450.05,22454.16
2026-04-01,4517.27,4526.07,4532.11,4492.05,21648.32
2026-04-02,4514.44,4478.91,4519.69,4459.61,19099.22
2026-04-03,4492.85,4440.79,4494.46,4437.6,16832.17
2026-04-07,4445.86,4440.62,4458.93,4420.69,16263.88
2026-04-08,4517.34,4595.56,4595.56,4513.77,25333.92
2026-04-09,4562.67,4566.22,4579.2,4552.42,18493.98
2026-04-10,4594.95,4636.57,4655.1,4590.11,20867.86
2026-04-13,4615.13,4646.15,4653.4,4615.13,19671.23
2026-04-14,4676.12,4701.28,4701.28,4654.85,20470.03
2026-04-15,4726.64,4685.25,4731.27,4672.56,20168.85
2026-04-16,4694.43,4736.61,4739.22,4689.41,19205.76
2026-04-17,4729.0,4728.67,4738.32,4714.47,18291.53
2026-04-20,4727.17,4757.44,4763.04,4720.69,22163.35
2026-04-21,4750.51,4768.0,4776.83,4722.01,20561.41
2026-04-22,4751.28,4799.63,4801.45,4750.35,20448.18
2026-04-23,4816.03,4786.33,4823.47,4759.86,23286.57
2026-04-24,4771.73,4769.37,4786.44,4735.61,19379.83
2026-04-27,4776.34,4770.95,4795.17,4762.64,19279.66
2026-04-28,4757.08,4758.21,4778.19,4743.44,21672.42
2026-04-29,4737.58,4810.35,4813.61,4737.11,23329.81
2026-04-30,4820.97,4807.31,4829.27,4797.54,25063.34
2026-05-06,4857.65,4877.09,4892.8,4834.28,27444.39
2026-05-07,4895.8,4900.51,4901.86,4866.87,25783.4
2026-05-08,4871.12,4871.91,4887.21,4849.99,25172.1
2026-05-11,4902.28,4951.84,4960.4,4889.57,30573.48
2026-05-12,4965.02,4948.05,4971.3,4926.79,27381.2
2026-05-13,4919.42,4998.34,5001.12,4919.42,26845.45
2026-05-14,5027.64,4914.6,5030.52,4913.6,28069.54
2026-05-15,4911.62,4859.59,4935.62,4832.69,27696.78
2026-05-18,4836.33,4833.52,4868.6,4806.15,23907.76
2026-05-19,4818.71,4852.88,4854.52,4773.53,23228.09
2026-05-20,4829.61,4850.7,4866.21,4825.64,22002.32
2026-05-21,4886.24,4783.1,4937.93,4780.71,28734.25
2026-05-22,4818.84,4845.1,4851.35,4785.35,28694.04
2026-05-25,4873.2,4921.6,4922.44,4857.13,26474.32
2026-05-26,4900.12,4947.85,4952.74,4892.68,30279.95
2026-05-27,4940.95,4908.17,4974.21,4891.34,30170.92
2026-05-28,4889.27,4914.21,4922.33,4843.23,26743.27
2026-05-29,4937.51,4892.12,4954.07,4878.79,33251.86
